10,0,0,0,0,5,2,4,0
10,0,0,0,0,5,3,4,0
10,0,0,0,0,5,4,4,0
10,0,0,0,0,5,5,4,1
10,0,0,0,1,4,2,4,0
10,0,0,0,1,4,3,4,0
10,0,0,0,1,4,4,4,2
10,0,0,0,1,4,5,4,2
10,0,0,0,2,3,2,4,0
10,0,0,0,2,3,3,4,0
10,0,0,0,2,3,4,4,3
10,0,0,0,2,3,5,4,3
10,0,0,1,1,3,2,4,0
10,0,0,1,1,3,3,4,1
10,0,0,1,1,3,4,4,6
10,0,0,1,1,3,5,4,4
10,0,0,1,2,2,2,4,0
10,0,0,1,2,2,3,4,1
10,0,0,1,2,2,4,4,8
10,0,0,1,2,2,5,4,5
10,0,2,0,0,2,2,4,1
10,0,2,0,0,2,3,4,1
10,0,2,0,0,2,4,4,0
10,0,2,0,1,1,2,4,2
10,0,2,0,1,1,3,4,1
10,0,2,0,1,1,4,4,1
10,1,1,0,0,2,2,4,1
10,1,1,0,0,2,3,4,2
10,1,1,0,0,2,4,4,3
10,1,1,0,1,1,2,4,3
10,1,1,0,1,1,3,4,3
10,1,1,0,1,1,4,4,4
11,0,1,0,0,4,2,4,0
11,0,1,0,0,4,3,4,0
11,0,1,0,0,4,4,4,2
11,0,1,0,0,4,5,4,2
11,0,1,0,1,3,2,4,0
11,0,1,0,1,3,3,4,1
11,0,1,0,1,3,4,4,6
11,0,1,0,1,3,5,4,4
11,0,1,0,2,2,2,4,0
11,0,1,0,2,2,3,4,1
11,0,1,0,2,2,4,4,8
11,0,1,0,2,2,5,4,5
11,0,1,1,1,2,2,4,1
11,0,1,1,1,2,3,4,3
11,0,1,1,1,2,4,4,14
11,0,1,1,1,2,5,4,7
11,0,3,0,0,1,2,4,1
11,0,3,0,0,1,3,4,0
11,0,3,0,0,1,4,4,0
11,1,2,0,0,1,2,4,2
11,1,2,0,0,1,3,4,1
11,1,2,0,0,1,4,4,1
12,0,0,0,0,6,2,4,0
12,0,0,0,0,6,3,4,0
12,0,0,0,0,6,4,4,0
12,0,0,0,0,6,5,4,0
12,0,0,0,0,6,6,4,3
12,0,0,0,1,5,2,4,0
12,0,0,0,1,5,3,4,0
12,0,0,0,1,5,4,4,0
12,0,0,0,1,5,5,4,2
12,0,0,0,1,5,6,4,4
12,0,0,0,2,4,2,4,0
12,0,0,0,2,4,3,4,0
12,0,0,0,2,4,4,4,0
12,0,0,0,2,4,5,4,4
12,0,0,0,2,4,6,4,6
12,0,0,0,3,3,2,4,0
12,0,0,0,3,3,3,4,0
12,0,0,0,3,3,4,4,1
12,0,0,0,3,3,5,4,5
12,0,0,0,3,3,6,4,6
12,0,0,1,1,4,2,4,0
12,0,0,1,1,4,3,4,0
12,0,0,1,1,4,4,4,3
12,0,0,1,1,4,5,4,8
12,0,0,1,1,4,6,4,7
12,0,0,1,2,3,2,4,0
12,0,0,1,2,3,3,4,0
12,0,0,1,2,3,4,4,6
12,0,0,1,2,3,5,4,13
12,0,0,1,2,3,6,4,9
12,0,0,2,2,2,2,4,0
12,0,0,2,2,2,3,4,0
12,0,0,2,2,2,4,4,8
12,0,0,2,2,2,5,4,17
12,0,0,2,2,2,6,4,12
12,0,2,0,0,3,2,4,0
12,0,2,0,0,3,3,4,1
12,0,2,0,0,3,4,4,3
12,0,2,0,0,3,5,4,1
12,0,2,0,1,2,2,4,1
12,0,2,0,1,2,3,4,2
12,0,2,0,1,2,4,4,6
12,0,2,0,1,2,5,4,2
12,0,2,1,1,1,2,4,3
12,0,2,1,1,1,3,4,3
12,0,2,1,1,1,4,4,10
12,0,2,1,1,1,5,4,3
12,0,4,0,0,0,2,4,0
12,0,4,0,0,0,3,4,0
12,0,4,0,0,0,4,4,0
12,1,1,0,0,3,2,4,0
12,1,1,0,0,3,3,4,1
12,1,1,0,0,3,4,4,6
12,1,1,0,0,3,5,4,4
12,1,1,0,1,2,2,4,1
12,1,1,0,1,2,3,4,3
12,1,1,0,1,2,4,4,14
12,1,1,0,1,2,5,4,7
12,1,1,1,1,1,2,4,4
12,1,1,1,1,1,3,4,6
12,1,1,1,1,1,4,4,24
12,1,1,1,1,1,5,4,10
12,1,3,0,0,0,2,4,1
12,1,3,0,0,0,3,4,0
12,1,3,0,0,0,4,4,0
12,2,2,0,0,0,2,4,1
12,2,2,0,0,0,3,4,0
12,2,2,0,0,0,4,4,1
13,0,1,0,0,5,2,4,0
13,0,1,0,0,5,3,4,0
13,0,1,0,0,5,4,4,0
13,0,1,0,0,5,5,4,2
13,0,1,0,0,5,6,4,4
13,0,1,0,1,4,2,4,0
13,0,1,0,1,4,3,4,0
13,0,1,0,1,4,4,4,3
13,0,1,0,1,4,5,4,8
13,0,1,0,1,4,6,4,7
13,0,1,0,2,3,2,4,0
13,0,1,0,2,3,3,4,0
13,0,1,0,2,3,4,4,6
13,0,1,0,2,3,5,4,13
13,0,1,0,2,3,6,4,9
13,0,1,1,1,3,2,4,0
13,0,1,1,1,3,3,4,1
13,0,1,1,1,3,4,4,15
13,0,1,1,1,3,5,4,23
13,0,1,1,1,3,6,4,12
13,0,1,1,2,2,2,4,0
13,0,1,1,2,2,3,4,1
13,0,1,1,2,2,4,4,22
13,0,1,1,2,2,5,4,30
13,0,1,1,2,2,6,4,15
13,0,3,0,0,2,2,4,1
13,0,3,0,0,2,3,4,1
13,0,3,0,0,2,4,4,1
13,0,3,0,0,2,5,4,0
13,0,3,0,1,1,2,4,2
13,0,3,0,1,1,3,4,1
13,0,3,0,1,1,4,4,2
13,0,3,0,1,1,5,4,0
13,1,2,0,0,2,2,4,1
13,1,2,0,0,2,3,4,2
13,1,2,0,0,2,4,4,6
13,1,2,0,0,2,5,4,2
13,1,2,0,1,1,2,4,3
13,1,2,0,1,1,3,4,3
13,1,2,0,1,1,4,4,10
13,1,2,0,1,1,5,4,3
14,0,0,0,0,7,2,4,0
14,0,0,0,0,7,3,4,0
14,0,0,0,0,7,4,4,0
14,0,0,0,0,7,5,4,0
14,0,0,0,0,7,6,4,0
14,0,0,0,0,7,7,4,2
14,0,0,0,1,6,2,4,0
14,0,0,0,1,6,3,4,0
14,0,0,0,1,6,4,4,0
14,0,0,0,1,6,5,4,0
14,0,0,0,1,6,6,4,4
14,0,0,0,1,6,7,4,4
14,0,0,0,2,5,2,4,0
14,0,0,0,2,5,3,4,0
14,0,0,0,2,5,4,4,0
14,0,0,0,2,5,5,4,1
14,0,0,0,2,5,6,4,7
14,0,0,0,2,5,7,4,6
14,0,0,0,3,4,2,4,0
14,0,0,0,3,4,3,4,0
14,0,0,0,3,4,4,4,0
14,0,0,0,3,4,5,4,2
14,0,0,0,3,4,6,4,9
14,0,0,0,3,4,7,4,7
14,0,0,1,1,5,2,4,0
14,0,0,1,1,5,3,4,0
14,0,0,1,1,5,4,4,0
14,0,0,1,1,5,5,4,4
14,0,0,1,1,5,6,4,15
14,0,0,1,1,5,7,4,8
14,0,0,1,2,4,2,4,0
14,0,0,1,2,4,3,4,0
14,0,0,1,2,4,4,4,1
14,0,0,1,2,4,5,4,10
14,0,0,1,2,4,6,4,24
14,0,0,1,2,4,7,4,12
14,0,0,1,3,3,2,4,0
14,0,0,1,3,3,3,4,0
14,0,0,1,3,3,4,4,2
14,0,0,1,3,3,5,4,13
14,0,0,1,3,3,6,4,28
14,0,0,1,3,3,7,4,13
14,0,0,2,2,3,2,4,0
14,0,0,2,2,3,3,4,0
14,0,0,2,2,3,4,4,4
14,0,0,2,2,3,5,4,19
14,0,0,2,2,3,6,4,36
14,0,0,2,2,3,7,4,16
14,0,2,0,0,4,2,4,0
14,0,2,0,0,4,3,4,0
14,0,2,0,0,4,4,4,3
14,0,2,0,0,4,5,4,4
14,0,2,0,0,4,6,4,1
14,0,2,0,1,3,2,4,0
14,0,2,0,1,3,3,4,1
14,0,2,0,1,3,4,4,9
14,0,2,0,1,3,5,4,10
14,0,2,0,1,3,6,4,3
14,0,2,0,2,2,2,4,0
14,0,2,0,2,2,3,4,1
14,0,2,0,2,2,4,4,14
14,0,2,0,2,2,5,4,13
14,0,2,0,2,2,6,4,3
14,0,2,1,1,2,2,4,1
14,0,2,1,1,2,3,4,3
14,0,2,1,1,2,4,4,25
14,0,2,1,1,2,5,4,21
14,0,2,1,1,2,6,4,6
14,0,4,0,0,1,2,4,1
14,0,4,0,0,1,3,4,0
14,0,4,0,0,1,4,4,0
14,0,4,0,0,1,5,4,0
14,1,1,0,0,4,2,4,0
14,1,1,0,0,4,3,4,0
14,1,1,0,0,4,4,4,3
14,1,1,0,0,4,5,4,8
14,1,1,0,0,4,6,4,7
14,1,1,0,1,3,2,4,0
14,1,1,0,1,3,3,4,1
14,1,1,0,1,3,4,4,15
14,1,1,0,1,3,5,4,23
14,1,1,0,1,3,6,4,12
14,1,1,0,2,2,2,4,0
14,1,1,0,2,2,3,4,1
14,1,1,0,2,2,4,4,22
14,1,1,0,2,2,5,4,30
14,1,1,0,2,2,6,4,15
14,1,1,1,1,2,2,4,1
14,1,1,1,1,2,3,4,4
14,1,1,1,1,2,4,4,47
14,1,1,1,1,2,5,4,51
14,1,1,1,1,2,6,4,21
14,1,3,0,0,1,2,4,2
14,1,3,0,0,1,3,4,1
14,1,3,0,0,1,4,4,2
14,1,3,0,0,1,5,4,0
14,2,2,0,0,1,2,4,2
14,2,2,0,0,1,3,4,1
14,2,2,0,0,1,4,4,4
14,2,2,0,0,1,5,4,1
15,0,1,0,0,6,2,4,0
15,0,1,0,0,6,3,4,0
15,0,1,0,0,6,4,4,0
15,0,1,0,0,6,5,4,0
15,0,1,0,0,6,6,4,4
15,0,1,0,0,6,7,4,4
15,0,1,0,1,5,2,4,0
15,0,1,0,1,5,3,4,0
15,0,1,0,1,5,4,4,0
15,0,1,0,1,5,5,4,4
15,0,1,0,1,5,6,4,15
15,0,1,0,1,5,7,4,8
15,0,1,0,2,4,2,4,0
15,0,1,0,2,4,3,4,0
15,0,1,0,2,4,4,4,1
15,0,1,0,2,4,5,4,10
15,0,1,0,2,4,6,4,24
15,0,1,0,2,4,7,4,12
15,0,1,0,3,3,2,4,0
15,0,1,0,3,3,3,4,0
15,0,1,0,3,3,4,4,2
15,0,1,0,3,3,5,4,13
15,0,1,0,3,3,6,4,28
15,0,1,0,3,3,7,4,13
15,0,1,1,1,4,2,4,0
15,0,1,1,1,4,3,4,0
15,0,1,1,1,4,4,4,5
15,0,1,1,1,4,5,4,24
15,0,1,1,1,4,6,4,43
15,0,1,1,1,4,7,4,17
15,0,1,1,2,3,2,4,0
15,0,1,1,2,3,3,4,0
15,0,1,1,2,3,4,4,13
15,0,1,1,2,3,5,4,43
15,0,1,1,2,3,6,4,64
15,0,1,1,2,3,7,4,23
15,0,1,2,2,2,2,4,0
15,0,1,2,2,2,3,4,0
15,0,1,2,2,2,4,4,22
15,0,1,2,2,2,5,4,60
15,0,1,2,2,2,6,4,83
15,0,1,2,2,2,7,4,28
15,0,3,0,0,3,2,4,0
15,0,3,0,0,3,3,4,1
15,0,3,0,0,3,4,4,4
15,0,3,0,0,3,5,4,2
15,0,3,0,0,3,6,4,0
15,0,3,0,1,2,2,4,1
15,0,3,0,1,2,3,4,2
15,0,3,0,1,2,4,4,9
15,0,3,0,1,2,5,4,4
15,0,3,0,1,2,6,4,0
15,0,3,1,1,1,2,4,3
15,0,3,1,1,1,3,4,3
15,0,3,1,1,1,4,4,16
15,0,3,1,1,1,5,4,6
15,0,3,1,1,1,6,4,1
15,0,5,0,0,0,2,4,0
15,0,5,0,0,0,3,4,0
15,0,5,0,0,0,4,4,0
15,0,5,0,0,0,5,4,0
15,1,2,0,0,3,2,4,0
15,1,2,0,0,3,3,4,1
15,1,2,0,0,3,4,4,9
15,1,2,0,0,3,5,4,10
15,1,2,0,0,3,6,4,3
15,1,2,0,1,2,2,4,1
15,1,2,0,1,2,3,4,3
15,1,2,0,1,2,4,4,25
15,1,2,0,1,2,5,4,21
15,1,2,0,1,2,6,4,6
15,1,2,1,1,1,2,4,4
15,1,2,1,1,1,3,4,6
15,1,2,1,1,1,4,4,48
15,1,2,1,1,1,5,4,34
15,1,2,1,1,1,6,4,10
15,1,4,0,0,0,2,4,1
15,1,4,0,0,0,3,4,0
15,1,4,0,0,0,4,4,0
15,1,4,0,0,0,5,4,0
15,2,3,0,0,0,2,4,1
15,2,3,0,0,0,3,4,0
15,2,3,0,0,0,4,4,1
15,2,3,0,0,0,5,4,0
16,0,0,0,0,8,2,4,0
16,0,0,0,0,8,3,4,0
16,0,0,0,0,8,4,4,0
16,0,0,0,0,8,5,4,0
16,0,0,0,0,8,6,4,0
16,0,0,0,0,8,7,4,0
16,0,0,0,0,8,8,4,4
16,0,0,0,1,7,2,4,0
16,0,0,0,1,7,3,4,0
16,0,0,0,1,7,4,4,0
16,0,0,0,1,7,5,4,0
16,0,0,0,1,7,6,4,0
16,0,0,0,1,7,7,4,4
16,0,0,0,1,7,8,4,6
16,0,0,0,2,6,2,4,0
16,0,0,0,2,6,3,4,0
16,0,0,0,2,6,4,4,0
16,0,0,0,2,6,5,4,0
16,0,0,0,2,6,6,4,1
16,0,0,0,2,6,7,4,8
16,0,0,0,2,6,8,4,10
16,0,0,0,3,5,2,4,0
16,0,0,0,3,5,3,4,0
16,0,0,0,3,5,4,4,0
16,0,0,0,3,5,5,4,0
16,0,0,0,3,5,6,4,3
16,0,0,0,3,5,7,4,12
16,0,0,0,3,5,8,4,11
16,0,0,0,4,4,2,4,0
16,0,0,0,4,4,3,4,0
16,0,0,0,4,4,4,4,0
16,0,0,0,4,4,5,4,0
16,0,0,0,4,4,6,4,3
16,0,0,0,4,4,7,4,13
16,0,0,0,4,4,8,4,13
16,0,0,1,1,6,2,4,0
16,0,0,1,1,6,3,4,0
16,0,0,1,1,6,4,4,0
16,0,0,1,1,6,5,4,0
16,0,0,1,1,6,6,4,8
16,0,0,1,1,6,7,4,17
16,0,0,1,1,6,8,4,12
16,0,0,1,2,5,2,4,0
16,0,0,1,2,5,3,4,0
16,0,0,1,2,5,4,4,0
16,0,0,1,2,5,5,4,2
16,0,0,1,2,5,6,4,19
16,0,0,1,2,5,7,4,32
16,0,0,1,2,5,8,4,18
16,0,0,1,3,4,2,4,0
16,0,0,1,3,4,3,4,0
16,0,0,1,3,4,4,4,0
16,0,0,1,3,4,5,4,4
16,0,0,1,3,4,6,4,28
16,0,0,1,3,4,7,4,42
16,0,0,1,3,4,8,4,21
16,0,0,2,2,4,2,4,0
16,0,0,2,2,4,3,4,0
16,0,0,2,2,4,4,4,1
16,0,0,2,2,4,5,4,8
16,0,0,2,2,4,6,4,39
16,0,0,2,2,4,7,4,55
16,0,0,2,2,4,8,4,27
16,0,0,2,3,3,2,4,0
16,0,0,2,3,3,3,4,0
16,0,0,2,3,3,4,4,1
16,0,0,2,3,3,5,4,11
16,0,0,2,3,3,6,4,52
16,0,0,2,3,3,7,4,65
16,0,0,2,3,3,8,4,28
16,0,2,0,0,5,2,4,0
16,0,2,0,0,5,3,4,0
16,0,2,0,0,5,4,4,0
16,0,2,0,0,5,5,4,3
16,0,2,0,0,5,6,4,8
16,0,2,0,0,5,7,4,2
16,0,2,0,1,4,2,4,0
16,0,2,0,1,4,3,4,0
16,0,2,0,1,4,4,4,4
16,0,2,0,1,4,5,4,14
16,0,2,0,1,4,6,4,19
16,0,2,0,1,4,7,4,5
16,0,2,0,2,3,2,4,0
16,0,2,0,2,3,3,4,0
16,0,2,0,2,3,4,4,9
16,0,2,0,2,3,5,4,24
16,0,2,0,2,3,6,4,28
16,0,2,0,2,3,7,4,7
16,0,2,1,1,3,2,4,0
16,0,2,1,1,3,3,4,1
16,0,2,1,1,3,4,4,23
16,0,2,1,1,3,5,4,46
16,0,2,1,1,3,6,4,45
16,0,2,1,1,3,7,4,11
16,0,2,1,2,2,2,4,0
16,0,2,1,2,2,3,4,1
16,0,2,1,2,2,4,4,36
16,0,2,1,2,2,5,4,62
16,0,2,1,2,2,6,4,59
16,0,2,1,2,2,7,4,13
16,0,4,0,0,2,2,4,1
16,0,4,0,0,2,3,4,1
16,0,4,0,0,2,4,4,1
16,0,4,0,0,2,5,4,0
16,0,4,0,0,2,6,4,0
16,0,4,0,1,1,2,4,2
16,0,4,0,1,1,3,4,1
16,0,4,0,1,1,4,4,3
16,0,4,0,1,1,5,4,0
16,0,4,0,1,1,6,4,0
16,1,1,0,0,5,2,4,0
16,1,1,0,0,5,3,4,0
16,1,1,0,0,5,4,4,0
16,1,1,0,0,5,5,4,4
16,1,1,0,0,5,6,4,15
16,1,1,0,0,5,7,4,8
16,1,1,0,1,4,2,4,0
16,1,1,0,1,4,3,4,0
16,1,1,0,1,4,4,4,5
16,1,1,0,1,4,5,4,24
16,1,1,0,1,4,6,4,43
16,1,1,0,1,4,7,4,17
16,1,1,0,2,3,2,4,0
16,1,1,0,2,3,3,4,0
16,1,1,0,2,3,4,4,13
16,1,1,0,2,3,5,4,43
16,1,1,0,2,3,6,4,64
16,1,1,0,2,3,7,4,23
16,1,1,1,1,3,2,4,0
16,1,1,1,1,3,3,4,1
16,1,1,1,1,3,4,4,36
16,1,1,1,1,3,5,4,89
16,1,1,1,1,3,6,4,109
16,1,1,1,1,3,7,4,34
16,1,1,1,2,2,2,4,0
16,1,1,1,2,2,3,4,1
16,1,1,1,2,2,4,4,58
16,1,1,1,2,2,5,4,122
16,1,1,1,2,2,6,4,142
16,1,1,1,2,2,7,4,41
16,1,3,0,0,2,2,4,1
16,1,3,0,0,2,3,4,2
16,1,3,0,0,2,4,4,9
16,1,3,0,0,2,5,4,4
16,1,3,0,0,2,6,4,0
16,1,3,0,1,1,2,4,3
16,1,3,0,1,1,3,4,3
16,1,3,0,1,1,4,4,16
16,1,3,0,1,1,5,4,6
16,1,3,0,1,1,6,4,1
16,2,2,0,0,2,2,4,1
16,2,2,0,0,2,3,4,2
16,2,2,0,0,2,4,4,11
16,2,2,0,0,2,5,4,8
16,2,2,0,0,2,6,4,3
16,2,2,0,1,1,2,4,3
16,2,2,0,1,1,3,4,3
16,2,2,0,1,1,4,4,23
16,2,2,0,1,1,5,4,13
16,2,2,0,1,1,6,4,4
17,0,1,0,0,7,2,4,0
17,0,1,0,0,7,3,4,0
17,0,1,0,0,7,4,4,0
17,0,1,0,0,7,5,4,0
17,0,1,0,0,7,6,4,0
17,0,1,0,0,7,7,4,4
17,0,1,0,0,7,8,4,6
17,0,1,0,1,6,2,4,0
17,0,1,0,1,6,3,4,0
17,0,1,0,1,6,4,4,0
17,0,1,0,1,6,5,4,0
17,0,1,0,1,6,6,4,8
17,0,1,0,1,6,7,4,17
17,0,1,0,1,6,8,4,12
17,0,1,0,2,5,2,4,0
17,0,1,0,2,5,3,4,0
17,0,1,0,2,5,4,4,0
17,0,1,0,2,5,5,4,2
17,0,1,0,2,5,6,4,19
17,0,1,0,2,5,7,4,32
17,0,1,0,2,5,8,4,18
17,0,1,0,3,4,2,4,0
17,0,1,0,3,4,3,4,0
17,0,1,0,3,4,4,4,0
17,0,1,0,3,4,5,4,4
17,0,1,0,3,4,6,4,28
17,0,1,0,3,4,7,4,42
17,0,1,0,3,4,8,4,21
17,0,1,1,1,5,2,4,0
17,0,1,1,1,5,3,4,0
17,0,1,1,1,5,4,4,0
17,0,1,1,1,5,5,4,8
17,0,1,1,1,5,6,4,48
17,0,1,1,1,5,7,4,58
17,0,1,1,1,5,8,4,25
17,0,1,1,2,4,2,4,0
17,0,1,1,2,4,3,4,0
17,0,1,1,2,4,4,4,2
17,0,1,1,2,4,5,4,24
17,0,1,1,2,4,6,4,94
17,0,1,1,2,4,7,4,100
17,0,1,1,2,4,8,4,36
17,0,1,1,3,3,2,4,0
17,0,1,1,3,3,3,4,0
17,0,1,1,3,3,4,4,4
17,0,1,1,3,3,5,4,32
17,0,1,1,3,3,6,4,117
17,0,1,1,3,3,7,4,117
17,0,1,1,3,3,8,4,39
17,0,1,2,2,3,2,4,0
17,0,1,2,2,3,3,4,0
17,0,1,2,2,3,4,4,9
17,0,1,2,2,3,5,4,51
17,0,1,2,2,3,6,4,163
17,0,1,2,2,3,7,4,153
17,0,1,2,2,3,8,4,48
17,0,3,0,0,4,2,4,0
17,0,3,0,0,4,3,4,0
17,0,3,0,0,4,4,4,3
17,0,3,0,0,4,5,4,6
17,0,3,0,0,4,6,4,4
17,0,3,0,0,4,7,4,0
17,0,3,0,1,3,2,4,0
17,0,3,0,1,3,3,4,1
17,0,3,0,1,3,4,4,12
17,0,3,0,1,3,5,4,16
17,0,3,0,1,3,6,4,9
17,0,3,0,1,3,7,4,1
17,0,3,0,2,2,2,4,0
17,0,3,0,2,2,3,4,1
17,0,3,0,2,2,4,4,18
17,0,3,0,2,2,5,4,21
17,0,3,0,2,2,6,4,12
17,0,3,0,2,2,7,4,1
17,0,3,1,1,2,2,4,1
17,0,3,1,1,2,3,4,3
17,0,3,1,1,2,4,4,36
17,0,3,1,1,2,5,4,35
17,0,3,1,1,2,6,4,20
17,0,3,1,1,2,7,4,2
17,0,5,0,0,1,2,4,1
17,0,5,0,0,1,3,4,0
17,0,5,0,0,1,4,4,0
17,0,5,0,0,1,5,4,0
17,0,5,0,0,1,6,4,0
17,1,2,0,0,4,2,4,0
17,1,2,0,0,4,3,4,0
17,1,2,0,0,4,4,4,4
17,1,2,0,0,4,5,4,14
17,1,2,0,0,4,6,4,19
17,1,2,0,0,4,7,4,5
17,1,2,0,1,3,2,4,0
17,1,2,0,1,3,3,4,1
17,1,2,0,1,3,4,4,23
17,1,2,0,1,3,5,4,46
17,1,2,0,1,3,6,4,45
17,1,2,0,1,3,7,4,11
17,1,2,0,2,2,2,4,0
17,1,2,0,2,2,3,4,1
17,1,2,0,2,2,4,4,36
17,1,2,0,2,2,5,4,62
17,1,2,0,2,2,6,4,59
17,1,2,0,2,2,7,4,13
17,1,2,1,1,2,2,4,1
17,1,2,1,1,2,3,4,4
17,1,2,1,1,2,4,4,81
17,1,2,1,1,2,5,4,114
17,1,2,1,1,2,6,4,98
17,1,2,1,1,2,7,4,20
17,1,4,0,0,1,2,4,2
17,1,4,0,0,1,3,4,1
17,1,4,0,0,1,4,4,3
17,1,4,0,0,1,5,4,0
17,1,4,0,0,1,6,4,0
17,2,3,0,0,1,2,4,2
17,2,3,0,0,1,3,4,1
17,2,3,0,0,1,4,4,7
17,2,3,0,0,1,5,4,2
17,2,3,0,0,1,6,4,1
18,0,0,0,0,9,2,4,0
18,0,0,0,0,9,3,4,0
18,0,0,0,0,9,4,4,0
18,0,0,0,0,9,5,4,0
18,0,0,0,0,9,6,4,0
18,0,0,0,0,9,7,4,0
18,0,0,0,0,9,8,4,0
18,0,0,0,0,9,9,4,3
18,0,0,0,1,8,2,4,0
18,0,0,0,1,8,3,4,0
18,0,0,0,1,8,4,4,0
18,0,0,0,1,8,5,4,0
18,0,0,0,1,8,6,4,0
18,0,0,0,1,8,7,4,0
18,0,0,0,1,8,8,4,6
18,0,0,0,1,8,9,4,6
18,0,0,0,2,7,2,4,0
18,0,0,0,2,7,3,4,0
18,0,0,0,2,7,4,4,0
18,0,0,0,2,7,5,4,0
18,0,0,0,2,7,6,4,0
18,0,0,0,2,7,7,4,2
18,0,0,0,2,7,8,4,12
18,0,0,0,2,7,9,4,10
18,0,0,0,3,6,2,4,0
18,0,0,0,3,6,3,4,0
18,0,0,0,3,6,4,4,0
18,0,0,0,3,6,5,4,0
18,0,0,0,3,6,6,4,0
18,0,0,0,3,6,7,4,5
18,0,0,0,3,6,8,4,18
18,0,0,0,3,6,9,4,13
18,0,0,0,4,5,2,4,0
18,0,0,0,4,5,3,4,0
18,0,0,0,4,5,4,4,0
18,0,0,0,4,5,5,4,0
18,0,0,0,4,5,6,4,0
18,0,0,0,4,5,7,4,7
18,0,0,0,4,5,8,4,21
18,0,0,0,4,5,9,4,14
18,0,0,1,1,7,2,4,0
18,0,0,1,1,7,3,4,0
18,0,0,1,1,7,4,4,0
18,0,0,1,1,7,5,4,0
18,0,0,1,1,7,6,4,0
18,0,0,1,1,7,7,4,9
18,0,0,1,1,7,8,4,26
18,0,0,1,1,7,9,4,14
18,0,0,1,2,6,2,4,0
18,0,0,1,2,6,3,4,0
18,0,0,1,2,6,4,4,0
18,0,0,1,2,6,5,4,0
18,0,0,1,2,6,6,4,4
18,0,0,1,2,6,7,4,26
18,0,0,1,2,6,8,4,49
18,0,0,1,2,6,9,4,22
18,0,0,1,3,5,2,4,0
18,0,0,1,3,5,3,4,0
18,0,0,1,3,5,4,4,0
18,0,0,1,3,5,5,4,0
18,0,0,1,3,5,6,4,9
18,0,0,1,3,5,7,4,45
18,0,0,1,3,5,8,4,67
18,0,0,1,3,5,9,4,27
18,0,0,1,4,4,2,4,0
18,0,0,1,4,4,3,4,0
18,0,0,1,4,4,4,4,0
18,0,0,1,4,4,5,4,0
18,0,0,1,4,4,6,4,12
18,0,0,1,4,4,7,4,52
18,0,0,1,4,4,8,4,73
18,0,0,1,4,4,9,4,29
18,0,0,2,2,5,2,4,0
18,0,0,2,2,5,3,4,0
18,0,0,2,2,5,4,4,0
18,0,0,2,2,5,5,4,1
18,0,0,2,2,5,6,4,19
18,0,0,2,2,5,7,4,66
18,0,0,2,2,5,8,4,87
18,0,0,2,2,5,9,4,33
18,0,0,2,3,4,2,4,0
18,0,0,2,3,4,3,4,0
18,0,0,2,3,4,4,4,0
18,0,0,2,3,4,5,4,2
18,0,0,2,3,4,6,4,33
18,0,0,2,3,4,7,4,98
18,0,0,2,3,4,8,4,111
18,0,0,2,3,4,9,4,39
18,0,0,3,3,3,2,4,0
18,0,0,3,3,3,3,4,0
18,0,0,3,3,3,4,4,0
18,0,0,3,3,3,5,4,3
18,0,0,3,3,3,6,4,46
18,0,0,3,3,3,7,4,125
18,0,0,3,3,3,8,4,130
18,0,0,3,3,3,9,4,43
18,0,2,0,0,6,2,4,0
18,0,2,0,0,6,3,4,0
18,0,2,0,0,6,4,4,0
18,0,2,0,0,6,5,4,0
18,0,2,0,0,6,6,4,7
18,0,2,0,0,6,7,4,9
18,0,2,0,0,6,8,4,2
18,0,2,0,1,5,2,4,0
18,0,2,0,1,5,3,4,0
18,0,2,0,1,5,4,4,0
18,0,2,0,1,5,5,4,6
18,0,2,0,1,5,6,4,29
18,0,2,0,1,5,7,4,26
18,0,2,0,1,5,8,4,7
18,0,2,0,2,4,2,4,0
18,0,2,0,2,4,3,4,0
18,0,2,0,2,4,4,4,1
18,0,2,0,2,4,5,4,16
18,0,2,0,2,4,6,4,55
18,0,2,0,2,4,7,4,45
18,0,2,0,2,4,8,4,9
18,0,2,0,3,3,2,4,0
18,0,2,0,3,3,3,4,0
18,0,2,0,3,3,4,4,3
18,0,2,0,3,3,5,4,21
18,0,2,0,3,3,6,4,65
18,0,2,0,3,3,7,4,52
18,0,2,0,3,3,8,4,11
18,0,2,1,1,4,2,4,0
18,0,2,1,1,4,3,4,0
18,0,2,1,1,4,4,4,7
18,0,2,1,1,4,5,4,40
18,0,2,1,1,4,6,4,102
18,0,2,1,1,4,7,4,75
18,0,2,1,1,4,8,4,16
18,0,2,1,2,3,2,4,0
18,0,2,1,2,3,3,4,0
18,0,2,1,2,3,4,4,20
18,0,2,1,2,3,5,4,75
18,0,2,1,2,3,6,4,168
18,0,2,1,2,3,7,4,114
18,0,2,1,2,3,8,4,21
18,0,2,2,2,2,2,4,0
18,0,2,2,2,2,3,4,0
18,0,2,2,2,2,4,4,34
18,0,2,2,2,2,5,4,108
18,0,2,2,2,2,6,4,233
18,0,2,2,2,2,7,4,148
18,0,2,2,2,2,8,4,24
18,0,4,0,0,3,2,4,0
18,0,4,0,0,3,3,4,1
18,0,4,0,0,3,4,4,5
18,0,4,0,0,3,5,4,3
18,0,4,0,0,3,6,4,0
18,0,4,0,0,3,7,4,0
18,0,4,0,1,2,2,4,1
18,0,4,0,1,2,3,4,2
18,0,4,0,1,2,4,4,12
18,0,4,0,1,2,5,4,6
18,0,4,0,1,2,6,4,1
18,0,4,0,1,2,7,4,0
18,0,4,1,1,1,2,4,3
18,0,4,1,1,1,3,4,3
18,0,4,1,1,1,4,4,22
18,0,4,1,1,1,5,4,9
18,0,4,1,1,1,6,4,3
18,0,4,1,1,1,7,4,0
18,0,6,0,0,0,2,4,0
18,0,6,0,0,0,3,4,0
18,0,6,0,0,0,4,4,0
18,0,6,0,0,0,5,4,0
18,0,6,0,0,0,6,4,0
18,1,1,0,0,6,2,4,0
18,1,1,0,0,6,3,4,0
18,1,1,0,0,6,4,4,0
18,1,1,0,0,6,5,4,0
18,1,1,0,0,6,6,4,8
18,1,1,0,0,6,7,4,17
18,1,1,0,0,6,8,4,12
18,1,1,0,1,5,2,4,0
18,1,1,0,1,5,3,4,0
18,1,1,0,1,5,4,4,0
18,1,1,0,1,5,5,4,8
18,1,1,0,1,5,6,4,48
18,1,1,0,1,5,7,4,58
18,1,1,0,1,5,8,4,25
18,1,1,0,2,4,2,4,0
18,1,1,0,2,4,3,4,0
18,1,1,0,2,4,4,4,2
18,1,1,0,2,4,5,4,24
18,1,1,0,2,4,6,4,94
18,1,1,0,2,4,7,4,100
18,1,1,0,2,4,8,4,36
18,1,1,0,3,3,2,4,0
18,1,1,0,3,3,3,4,0
18,1,1,0,3,3,4,4,4
18,1,1,0,3,3,5,4,32
18,1,1,0,3,3,6,4,117
18,1,1,0,3,3,7,4,117
18,1,1,0,3,3,8,4,39
18,1,1,1,1,4,2,4,0
18,1,1,1,1,4,3,4,0
18,1,1,1,1,4,4,4,9
18,1,1,1,1,4,5,4,64
18,1,1,1,1,4,6,4,196
18,1,1,1,1,4,7,4,175
18,1,1,1,1,4,8,4,52
18,1,1,1,2,3,2,4,0
18,1,1,1,2,3,3,4,0
18,1,1,1,2,3,4,4,29
18,1,1,1,2,3,5,4,126
18,1,1,1,2,3,6,4,331
18,1,1,1,2,3,7,4,267
18,1,1,1,2,3,8,4,69
18,1,1,2,2,2,2,4,0
18,1,1,2,2,2,3,4,0
18,1,1,2,2,2,4,4,54
18,1,1,2,2,2,5,4,187
18,1,1,2,2,2,6,4,457
18,1,1,2,2,2,7,4,347
18,1,1,2,2,2,8,4,84
18,1,3,0,0,3,2,4,0
18,1,3,0,0,3,3,4,1
18,1,3,0,0,3,4,4,12
18,1,3,0,0,3,5,4,16
18,1,3,0,0,3,6,4,9
18,1,3,0,0,3,7,4,1
18,1,3,0,1,2,2,4,1
18,1,3,0,1,2,3,4,3
18,1,3,0,1,2,4,4,36
18,1,3,0,1,2,5,4,35
18,1,3,0,1,2,6,4,20
18,1,3,0,1,2,7,4,2
18,1,3,1,1,1,2,4,4
18,1,3,1,1,1,3,4,6
18,1,3,1,1,1,4,4,72
18,1,3,1,1,1,5,4,58
18,1,3,1,1,1,6,4,35
18,1,3,1,1,1,7,4,3
18,1,5,0,0,0,2,4,1
18,1,5,0,0,0,3,4,0
18,1,5,0,0,0,4,4,0
18,1,5,0,0,0,5,4,0
18,1,5,0,0,0,6,4,0
18,2,2,0,0,3,2,4,0
18,2,2,0,0,3,3,4,1
18,2,2,0,0,3,4,4,14
18,2,2,0,0,3,5,4,22
18,2,2,0,0,3,6,4,17
18,2,2,0,0,3,7,4,4
18,2,2,0,1,2,2,4,1
18,2,2,0,1,2,3,4,3
18,2,2,0,1,2,4,4,45
18,2,2,0,1,2,5,4,52
18,2,2,0,1,2,6,4,39
18,2,2,0,1,2,7,4,7
18,2,2,1,1,1,2,4,4
18,2,2,1,1,1,3,4,6
18,2,2,1,1,1,4,4,94
18,2,2,1,1,1,5,4,91
18,2,2,1,1,1,6,4,68
18,2,2,1,1,1,7,4,10
18,2,4,0,0,0,2,4,1
18,2,4,0,0,0,3,4,0
18,2,4,0,0,0,4,4,2
18,2,4,0,0,0,5,4,0
18,2,4,0,0,0,6,4,0
18,3,3,0,0,0,2,4,1
18,3,3,0,0,0,3,4,0
18,3,3,0,0,0,4,4,2
18,3,3,0,0,0,5,4,0
18,3,3,0,0,0,6,4,1
19,0,1,0,0,8,2,4,0
19,0,1,0,0,8,3,4,0
19,0,1,0,0,8,4,4,0
19,0,1,0,0,8,5,4,0
19,0,1,0,0,8,6,4,0
19,0,1,0,0,8,7,4,0
19,0,1,0,0,8,8,4,6
19,0,1,0,0,8,9,4,6
19,0,1,0,1,7,2,4,0
19,0,1,0,1,7,3,4,0
19,0,1,0,1,7,4,4,0
19,0,1,0,1,7,5,4,0
19,0,1,0,1,7,6,4,0
19,0,1,0,1,7,7,4,9
19,0,1,0,1,7,8,4,26
19,0,1,0,1,7,9,4,14
19,0,1,0,2,6,2,4,0
19,0,1,0,2,6,3,4,0
19,0,1,0,2,6,4,4,0
19,0,1,0,2,6,5,4,0
19,0,1,0,2,6,6,4,4
19,0,1,0,2,6,7,4,26
19,0,1,0,2,6,8,4,49
19,0,1,0,2,6,9,4,22
19,0,1,0,3,5,2,4,0
19,0,1,0,3,5,3,4,0
19,0,1,0,3,5,4,4,0
19,0,1,0,3,5,5,4,0
19,0,1,0,3,5,6,4,9
19,0,1,0,3,5,7,4,45
19,0,1,0,3,5,8,4,67
19,0,1,0,3,5,9,4,27
19,0,1,0,4,4,2,4,0
19,0,1,0,4,4,3,4,0
19,0,1,0,4,4,4,4,0
19,0,1,0,4,4,5,4,0
19,0,1,0,4,4,6,4,12
19,0,1,0,4,4,7,4,52
19,0,1,0,4,4,8,4,73
19,0,1,0,4,4,9,4,29
19,0,1,1,1,6,2,4,0
19,0,1,1,1,6,3,4,0
19,0,1,1,1,6,4,4,0
19,0,1,1,1,6,5,4,0
19,0,1,1,1,6,6,4,17
19,0,1,1,1,6,7,4,63
19,0,1,1,1,6,8,4,90
19,0,1,1,1,6,9,4,32
19,0,1,1,2,5,2,4,0
19,0,1,1,2,5,3,4,0
19,0,1,1,2,5,4,4,0
19,0,1,1,2,5,5,4,4
19,0,1,1,2,5,6,4,55
19,0,1,1,2,5,7,4,148
19,0,1,1,2,5,8,4,159
19,0,1,1,2,5,9,4,48
19,0,1,1,3,4,2,4,0
19,0,1,1,3,4,3,4,0
19,0,1,1,3,4,4,4,0
19,0,1,1,3,4,5,4,8
19,0,1,1,3,4,6,4,90
19,0,1,1,3,4,7,4,214
19,0,1,1,3,4,8,4,201
19,0,1,1,3,4,9,4,57
19,0,1,2,2,4,2,4,0
19,0,1,2,2,4,3,4,0
19,0,1,2,2,4,4,4,1
19,0,1,2,2,4,5,4,18
19,0,1,2,2,4,6,4,144
19,0,1,2,2,4,7,4,303
19,0,1,2,2,4,8,4,261
19,0,1,2,2,4,9,4,69
19,0,1,2,3,3,2,4,0
19,0,1,2,3,3,3,4,0
19,0,1,2,3,3,4,4,2
19,0,1,2,3,3,5,4,25
19,0,1,2,3,3,6,4,191
19,0,1,2,3,3,7,4,377
19,0,1,2,3,3,8,4,302
19,0,1,2,3,3,9,4,76
19,0,3,0,0,5,2,4,0
19,0,3,0,0,5,3,4,0
19,0,3,0,0,5,4,4,0
19,0,3,0,0,5,5,4,4
19,0,3,0,0,5,6,4,13
19,0,3,0,0,5,7,4,6
19,0,3,0,0,5,8,4,0
19,0,3,0,1,4,2,4,0
19,0,3,0,1,4,3,4,0
19,0,3,0,1,4,4,4,5
19,0,3,0,1,4,5,4,20
19,0,3,0,1,4,6,4,36
19,0,3,0,1,4,7,4,17
19,0,3,0,1,4,8,4,1
19,0,3,0,2,3,2,4,0
19,0,3,0,2,3,3,4,0
19,0,3,0,2,3,4,4,12
19,0,3,0,2,3,5,4,35
19,0,3,0,2,3,6,4,57
19,0,3,0,2,3,7,4,26
19,0,3,0,2,3,8,4,1
19,0,3,1,1,3,2,4,0
19,0,3,1,1,3,3,4,1
19,0,3,1,1,3,4,4,31
19,0,3,1,1,3,5,4,69
19,0,3,1,1,3,6,4,96
19,0,3,1,1,3,7,4,43
19,0,3,1,1,3,8,4,3
19,0,3,1,2,2,2,4,0
19,0,3,1,2,2,3,4,1
19,0,3,1,2,2,4,4,50
19,0,3,1,2,2,5,4,94
19,0,3,1,2,2,6,4,131
19,0,3,1,2,2,7,4,55
19,0,3,1,2,2,8,4,3
19,0,5,0,0,2,2,4,1
19,0,5,0,0,2,3,4,1
19,0,5,0,0,2,4,4,2
19,0,5,0,0,2,5,4,0
19,0,5,0,0,2,6,4,0
19,0,5,0,0,2,7,4,0
19,0,5,0,1,1,2,4,2
19,0,5,0,1,1,3,4,1
19,0,5,0,1,1,4,4,4
19,0,5,0,1,1,5,4,0
19,0,5,0,1,1,6,4,0
19,0,5,0,1,1,7,4,0
19,1,2,0,0,5,2,4,0
19,1,2,0,0,5,3,4,0
19,1,2,0,0,5,4,4,0
19,1,2,0,0,5,5,4,6
19,1,2,0,0,5,6,4,29
19,1,2,0,0,5,7,4,26
19,1,2,0,0,5,8,4,7
19,1,2,0,1,4,2,4,0
19,1,2,0,1,4,3,4,0
19,1,2,0,1,4,4,4,7
19,1,2,0,1,4,5,4,40
19,1,2,0,1,4,6,4,102
19,1,2,0,1,4,7,4,75
19,1,2,0,1,4,8,4,16
19,1,2,0,2,3,2,4,0
19,1,2,0,2,3,3,4,0
19,1,2,0,2,3,4,4,20
19,1,2,0,2,3,5,4,75
19,1,2,0,2,3,6,4,168
19,1,2,0,2,3,7,4,114
19,1,2,0,2,3,8,4,21
19,1,2,1,1,3,2,4,0
19,1,2,1,1,3,3,4,1
19,1,2,1,1,3,4,4,56
19,1,2,1,1,3,5,4,163
19,1,2,1,1,3,6,4,310
19,1,2,1,1,3,7,4,193
19,1,2,1,1,3,8,4,33
19,1,2,1,2,2,2,4,0
19,1,2,1,2,2,3,4,1
19,1,2,1,2,2,4,4,95
19,1,2,1,2,2,5,4,230
19,1,2,1,2,2,6,4,425
19,1,2,1,2,2,7,4,249
19,1,2,1,2,2,8,4,39
19,1,4,0,0,2,2,4,1
19,1,4,0,0,2,3,4,2
19,1,4,0,0,2,4,4,12
19,1,4,0,0,2,5,4,6
19,1,4,0,0,2,6,4,1
19,1,4,0,0,2,7,4,0
19,1,4,0,1,1,2,4,3
19,1,4,0,1,1,3,4,3
19,1,4,0,1,1,4,4,22
19,1,4,0,1,1,5,4,9
19,1,4,0,1,1,6,4,3
19,1,4,0,1,1,7,4,0
19,2,3,0,0,2,2,4,1
19,2,3,0,0,2,3,4,2
19,2,3,0,0,2,4,4,18
19,2,3,0,0,2,5,4,14
19,2,3,0,0,2,6,4,8
19,2,3,0,0,2,7,4,1
19,2,3,0,1,1,2,4,3
19,2,3,0,1,1,3,4,3
19,2,3,0,1,1,4,4,36
19,2,3,0,1,1,5,4,23
19,2,3,0,1,1,6,4,15
19,2,3,0,1,1,7,4,1
20,0,0,0,0,10,10,4,5
20,0,0,0,0,10,2,4,0
20,0,0,0,0,10,3,4,0
20,0,0,0,0,10,4,4,0
20,0,0,0,0,10,5,4,0
20,0,0,0,0,10,6,4,0
20,0,0,0,0,10,7,4,0
20,0,0,0,0,10,8,4,0
20,0,0,0,0,10,9,4,0
20,0,0,0,1,9,10,4,9
20,0,0,0,1,9,2,4,0
20,0,0,0,1,9,3,4,0
20,0,0,0,1,9,4,4,0
20,0,0,0,1,9,5,4,0
20,0,0,0,1,9,6,4,0
20,0,0,0,1,9,7,4,0
20,0,0,0,1,9,8,4,0
20,0,0,0,1,9,9,4,6
20,0,0,0,2,8,10,4,15
20,0,0,0,2,8,2,4,0
20,0,0,0,2,8,3,4,0
20,0,0,0,2,8,4,4,0
20,0,0,0,2,8,5,4,0
20,0,0,0,2,8,6,4,0
20,0,0,0,2,8,7,4,0
20,0,0,0,2,8,8,4,2
20,0,0,0,2,8,9,4,14
20,0,0,0,3,7,10,4,18
20,0,0,0,3,7,2,4,0
20,0,0,0,3,7,3,4,0
20,0,0,0,3,7,4,4,0
20,0,0,0,3,7,5,4,0
20,0,0,0,3,7,6,4,0
20,0,0,0,3,7,7,4,0
20,0,0,0,3,7,8,4,7
20,0,0,0,3,7,9,4,22
20,0,0,0,4,6,10,4,22
20,0,0,0,4,6,2,4,0
20,0,0,0,4,6,3,4,0
20,0,0,0,4,6,4,4,0
20,0,0,0,4,6,5,4,0
20,0,0,0,4,6,6,4,0
20,0,0,0,4,6,7,4,1
20,0,0,0,4,6,8,4,9
20,0,0,0,4,6,9,4,27
20,0,0,0,5,5,10,4,22
20,0,0,0,5,5,2,4,0
20,0,0,0,5,5,3,4,0
20,0,0,0,5,5,4,4,0
20,0,0,0,5,5,5,4,0
20,0,0,0,5,5,6,4,0
20,0,0,0,5,5,7,4,1
20,0,0,0,5,5,8,4,11
20,0,0,0,5,5,9,4,29
20,0,0,1,1,8,10,4,19
20,0,0,1,1,8,2,4,0
20,0,0,1,1,8,3,4,0
20,0,0,1,1,8,4,4,0
20,0,0,1,1,8,5,4,0
20,0,0,1,1,8,6,4,0
20,0,0,1,1,8,7,4,0
20,0,0,1,1,8,8,4,14
20,0,0,1,1,8,9,4,30
20,0,0,1,2,7,10,4,30
20,0,0,1,2,7,2,4,0
20,0,0,1,2,7,3,4,0
20,0,0,1,2,7,4,4,0
20,0,0,1,2,7,5,4,0
20,0,0,1,2,7,6,4,0
20,0,0,1,2,7,7,4,6
20,0,0,1,2,7,8,4,41
20,0,0,1,2,7,9,4,61
20,0,0,1,3,6,10,4,38
20,0,0,1,3,6,2,4,0
20,0,0,1,3,6,3,4,0
20,0,0,1,3,6,4,4,0
20,0,0,1,3,6,5,4,0
20,0,0,1,3,6,6,4,0
20,0,0,1,3,6,7,4,17
20,0,0,1,3,6,8,4,72
20,0,0,1,3,6,9,4,88
20,0,0,1,4,5,10,4,43
20,0,0,1,4,5,2,4,0
20,0,0,1,4,5,3,4,0
20,0,0,1,4,5,4,4,0
20,0,0,1,4,5,5,4,0
20,0,0,1,4,5,6,4,1
20,0,0,1,4,5,7,4,26
20,0,0,1,4,5,8,4,90
20,0,0,1,4,5,9,4,103
20,0,0,2,2,6,10,4,48
20,0,0,2,2,6,2,4,0
20,0,0,2,2,6,3,4,0
20,0,0,2,2,6,4,4,0
20,0,0,2,2,6,5,4,0
20,0,0,2,2,6,6,4,4
20,0,0,2,2,6,7,4,33
20,0,0,2,2,6,8,4,104
20,0,0,2,2,6,9,4,116
20,0,0,2,3,5,10,4,57
20,0,0,2,3,5,2,4,0
20,0,0,2,3,5,3,4,0
20,0,0,2,3,5,4,4,0
20,0,0,2,3,5,5,4,0
20,0,0,2,3,5,6,4,9
20,0,0,2,3,5,7,4,67
20,0,0,2,3,5,8,4,169
20,0,0,2,3,5,9,4,159
20,0,0,2,4,4,10,4,63
20,0,0,2,4,4,2,4,0
20,0,0,2,4,4,3,4,0
20,0,0,2,4,4,4,4,0
20,0,0,2,4,4,5,4,0
20,0,0,2,4,4,6,4,14
20,0,0,2,4,4,7,4,84
20,0,0,2,4,4,8,4,189
20,0,0,2,4,4,9,4,174
20,0,0,3,3,4,10,4,67
20,0,0,3,3,4,2,4,0
20,0,0,3,3,4,3,4,0
20,0,0,3,3,4,4,4,0
20,0,0,3,3,4,5,4,0
20,0,0,3,3,4,6,4,19
20,0,0,3,3,4,7,4,114
20,0,0,3,3,4,8,4,243
20,0,0,3,3,4,9,4,203
20,0,2,0,0,7,2,4,0
20,0,2,0,0,7,3,4,0
20,0,2,0,0,7,4,4,0
20,0,2,0,0,7,5,4,0
20,0,2,0,0,7,6,4,0
20,0,2,0,0,7,7,4,7
20,0,2,0,0,7,8,4,14
20,0,2,0,0,7,9,4,4
20,0,2,0,1,6,2,4,0
20,0,2,0,1,6,3,4,0
20,0,2,0,1,6,4,4,0
20,0,2,0,1,6,5,4,0
20,0,2,0,1,6,6,4,13
20,0,2,0,1,6,7,4,37
20,0,2,0,1,6,8,4,41
20,0,2,0,1,6,9,4,10
20,0,2,0,2,5,2,4,0
20,0,2,0,2,5,3,4,0
20,0,2,0,2,5,4,4,0
20,0,2,0,2,5,5,4,3
20,0,2,0,2,5,6,4,36
20,0,2,0,2,5,7,4,82
20,0,2,0,2,5,8,4,72
20,0,2,0,2,5,9,4,15
20,0,2,0,3,4,2,4,0
20,0,2,0,3,4,3,4,0
20,0,2,0,3,4,4,4,0
20,0,2,0,3,4,5,4,6
20,0,2,0,3,4,6,4,57
20,0,2,0,3,4,7,4,116
20,0,2,0,3,4,8,4,90
20,0,2,0,3,4,9,4,18
20,0,2,1,1,5,2,4,0
20,0,2,1,1,5,3,4,0
20,0,2,1,1,5,4,4,0
20,0,2,1,1,5,5,4,12
20,0,2,1,1,5,6,4,91
20,0,2,1,1,5,7,4,158
20,0,2,1,1,5,8,4,120
20,0,2,1,1,5,9,4,23
20,0,2,1,2,4,2,4,0
20,0,2,1,2,4,3,4,0
20,0,2,1,2,4,4,4,3
20,0,2,1,2,4,5,4,38
20,0,2,1,2,4,6,4,201
20,0,2,1,2,4,7,4,309
20,0,2,1,2,4,8,4,195
20,0,2,1,2,4,9,4,33
20,0,2,1,3,3,2,4,0
20,0,2,1,3,3,3,4,0
20,0,2,1,3,3,4,4,6
20,0,2,1,3,3,5,4,51
20,0,2,1,3,3,6,4,258
20,0,2,1,3,3,7,4,376
20,0,2,1,3,3,8,4,223
20,0,2,1,3,3,9,4,37
20,0,2,2,2,3,2,4,0
20,0,2,2,2,3,3,4,0
20,0,2,2,2,3,4,4,14
20,0,2,2,2,3,5,4,84
20,0,2,2,2,3,6,4,377
20,0,2,2,2,3,7,4,519
20,0,2,2,2,3,8,4,289
20,0,2,2,2,3,9,4,44
20,0,4,0,0,4,2,4,0
20,0,4,0,0,4,3,4,0
20,0,4,0,0,4,4,4,4
20,0,4,0,0,4,5,4,8
20,0,4,0,0,4,6,4,6
20,0,4,0,0,4,7,4,1
20,0,4,0,0,4,8,4,0
20,0,4,0,1,3,2,4,0
20,0,4,0,1,3,3,4,1
20,0,4,0,1,3,4,4,15
20,0,4,0,1,3,5,4,22
20,0,4,0,1,3,6,4,17
20,0,4,0,1,3,7,4,4
20,0,4,0,1,3,8,4,0
20,0,4,0,2,2,2,4,0
20,0,4,0,2,2,3,4,1
20,0,4,0,2,2,4,4,24
20,0,4,0,2,2,5,4,29
20,0,4,0,2,2,6,4,22
20,0,4,0,2,2,7,4,5
20,0,4,0,2,2,8,4,0
20,0,4,1,1,2,2,4,1
20,0,4,1,1,2,3,4,3
20,0,4,1,1,2,4,4,47
20,0,4,1,1,2,5,4,49
20,0,4,1,1,2,6,4,40
20,0,4,1,1,2,7,4,9
20,0,4,1,1,2,8,4,0
20,0,6,0,0,1,2,4,1
20,0,6,0,0,1,3,4,0
20,0,6,0,0,1,4,4,0
20,0,6,0,0,1,5,4,0
20,0,6,0,0,1,6,4,0
20,0,6,0,0,1,7,4,0
20,1,1,0,0,7,2,4,0
20,1,1,0,0,7,3,4,0
20,1,1,0,0,7,4,4,0
20,1,1,0,0,7,5,4,0
20,1,1,0,0,7,6,4,0
20,1,1,0,0,7,7,4,9
20,1,1,0,0,7,8,4,26
20,1,1,0,0,7,9,4,14
20,1,1,0,1,6,2,4,0
20,1,1,0,1,6,3,4,0
20,1,1,0,1,6,4,4,0
20,1,1,0,1,6,5,4,0
20,1,1,0,1,6,6,4,17
20,1,1,0,1,6,7,4,63
20,1,1,0,1,6,8,4,90
20,1,1,0,1,6,9,4,32
20,1,1,0,2,5,2,4,0
20,1,1,0,2,5,3,4,0
20,1,1,0,2,5,4,4,0
20,1,1,0,2,5,5,4,4
20,1,1,0,2,5,6,4,55
20,1,1,0,2,5,7,4,148
20,1,1,0,2,5,8,4,159
20,1,1,0,2,5,9,4,48
20,1,1,0,3,4,2,4,0
20,1,1,0,3,4,3,4,0
20,1,1,0,3,4,4,4,0
20,1,1,0,3,4,5,4,8
20,1,1,0,3,4,6,4,90
20,1,1,0,3,4,7,4,214
20,1,1,0,3,4,8,4,201
20,1,1,0,3,4,9,4,57
20,1,1,1,1,5,2,4,0
20,1,1,1,1,5,3,4,0
20,1,1,1,1,5,4,4,0
20,1,1,1,1,5,5,4,16
20,1,1,1,1,5,6,4,146
20,1,1,1,1,5,7,4,306
20,1,1,1,1,5,8,4,279
20,1,1,1,1,5,9,4,71
20,1,1,1,2,4,2,4,0
20,1,1,1,2,4,3,4,0
20,1,1,1,2,4,4,4,4
20,1,1,1,2,4,5,4,56
20,1,1,1,2,4,6,4,345
20,1,1,1,2,4,7,4,612
20,1,1,1,2,4,8,4,456
20,1,1,1,2,4,9,4,102
20,1,1,1,3,3,2,4,0
20,1,1,1,3,3,3,4,0
20,1,1,1,3,3,4,4,8
20,1,1,1,3,3,5,4,76
20,1,1,1,3,3,6,4,449
20,1,1,1,3,3,7,4,753
20,1,1,1,3,3,8,4,525
20,1,1,1,3,3,9,4,113
20,1,1,2,2,3,2,4,0
20,1,1,2,2,3,3,4,0
20,1,1,2,2,3,4,4,20
20,1,1,2,2,3,5,4,131
20,1,1,2,2,3,6,4,674
20,1,1,2,2,3,7,4,1048
20,1,1,2,2,3,8,4,679
20,1,1,2,2,3,9,4,136
20,1,3,0,0,4,2,4,0
20,1,3,0,0,4,3,4,0
20,1,3,0,0,4,4,4,5
20,1,3,0,0,4,5,4,20
20,1,3,0,0,4,6,4,36
20,1,3,0,0,4,7,4,17
20,1,3,0,0,4,8,4,1
20,1,3,0,1,3,2,4,0
20,1,3,0,1,3,3,4,1
20,1,3,0,1,3,4,4,31
20,1,3,0,1,3,5,4,69
20,1,3,0,1,3,6,4,96
20,1,3,0,1,3,7,4,43
20,1,3,0,1,3,8,4,3
20,1,3,0,2,2,2,4,0
20,1,3,0,2,2,3,4,1
20,1,3,0,2,2,4,4,50
20,1,3,0,2,2,5,4,94
20,1,3,0,2,2,6,4,131
20,1,3,0,2,2,7,4,55
20,1,3,0,2,2,8,4,3
20,1,3,1,1,2,2,4,1
20,1,3,1,1,2,3,4,4
20,1,3,1,1,2,4,4,115
20,1,3,1,1,2,5,4,177
20,1,3,1,1,2,6,4,228
20,1,3,1,1,2,7,4,91
20,1,3,1,1,2,8,4,6
20,1,5,0,0,1,2,4,2
20,1,5,0,0,1,3,4,1
20,1,5,0,0,1,4,4,4
20,1,5,0,0,1,5,4,0
20,1,5,0,0,1,6,4,0
20,1,5,0,0,1,7,4,0
20,2,2,0,0,4,2,4,0
20,2,2,0,0,4,3,4,0
20,2,2,0,0,4,4,4,6
20,2,2,0,0,4,5,4,24
20,2,2,0,0,4,6,4,47
20,2,2,0,0,4,7,4,30
20,2,2,0,0,4,8,4,7
20,2,2,0,1,3,2,4,0
20,2,2,0,1,3,3,4,1
20,2,2,0,1,3,4,4,36
20,2,2,0,1,3,5,4,88
20,2,2,0,1,3,6,4,142
20,2,2,0,1,3,7,4,79
20,2,2,0,1,3,8,4,12
20,2,2,0,2,2,2,4,0
20,2,2,0,2,2,3,4,1
20,2,2,0,2,2,4,4,61
20,2,2,0,2,2,5,4,122
20,2,2,0,2,2,6,4,192
20,2,2,0,2,2,7,4,101
20,2,2,0,2,2,8,4,15
20,2,2,1,1,2,2,4,1
20,2,2,1,1,2,3,4,4
20,2,2,1,1,2,4,4,140
20,2,2,1,1,2,5,4,238
20,2,2,1,1,2,6,4,354
20,2,2,1,1,2,7,4,171
20,2,2,1,1,2,8,4,21
20,2,4,0,0,1,2,4,2
20,2,4,0,0,1,3,4,1
20,2,4,0,0,1,4,4,10
20,2,4,0,0,1,5,4,3
20,2,4,0,0,1,6,4,2
20,2,4,0,0,1,7,4,0
20,3,3,0,0,1,2,4,2
20,3,3,0,0,1,3,4,1
20,3,3,0,0,1,4,4,12
20,3,3,0,0,1,5,4,4
20,3,3,0,0,1,6,4,4
20,3,3,0,0,1,7,4,0
21,0,1,0,0,9,10,4,9
21,0,1,0,0,9,2,4,0
21,0,1,0,0,9,3,4,0
21,0,1,0,0,9,4,4,0
21,0,1,0,0,9,5,4,0
21,0,1,0,0,9,6,4,0
21,0,1,0,0,9,7,4,0
21,0,1,0,0,9,8,4,0
21,0,1,0,0,9,9,4,6
21,0,1,0,1,8,10,4,19
21,0,1,0,1,8,2,4,0
21,0,1,0,1,8,3,4,0
21,0,1,0,1,8,4,4,0
21,0,1,0,1,8,5,4,0
21,0,1,0,1,8,6,4,0
21,0,1,0,1,8,7,4,0
21,0,1,0,1,8,8,4,14
21,0,1,0,1,8,9,4,30
21,0,1,0,2,7,10,4,30
21,0,1,0,2,7,2,4,0
21,0,1,0,2,7,3,4,0
21,0,1,0,2,7,4,4,0
21,0,1,0,2,7,5,4,0
21,0,1,0,2,7,6,4,0
21,0,1,0,2,7,7,4,6
21,0,1,0,2,7,8,4,41
21,0,1,0,2,7,9,4,61
21,0,1,0,3,6,10,4,38
21,0,1,0,3,6,2,4,0
21,0,1,0,3,6,3,4,0
21,0,1,0,3,6,4,4,0
21,0,1,0,3,6,5,4,0
21,0,1,0,3,6,6,4,0
21,0,1,0,3,6,7,4,17
21,0,1,0,3,6,8,4,72
21,0,1,0,3,6,9,4,88
21,0,1,0,4,5,10,4,43
21,0,1,0,4,5,2,4,0
21,0,1,0,4,5,3,4,0
21,0,1,0,4,5,4,4,0
21,0,1,0,4,5,5,4,0
21,0,1,0,4,5,6,4,1
21,0,1,0,4,5,7,4,26
21,0,1,0,4,5,8,4,90
21,0,1,0,4,5,9,4,103
21,0,1,1,1,7,10,4,42
21,0,1,1,1,7,2,4,0
21,0,1,1,1,7,3,4,0
21,0,1,1,1,7,4,4,0
21,0,1,1,1,7,5,4,0
21,0,1,1,1,7,6,4,0
21,0,1,1,1,7,7,4,22
21,0,1,1,1,7,8,4,102
21,0,1,1,1,7,9,4,114
21,0,1,1,2,6,10,4,66
21,0,1,1,2,6,2,4,0
21,0,1,1,2,6,3,4,0
21,0,1,1,2,6,4,4,0
21,0,1,1,2,6,5,4,0
21,0,1,1,2,6,6,4,10
21,0,1,1,2,6,7,4,88
21,0,1,1,2,6,8,4,244
21,0,1,1,2,6,9,4,214
21,0,1,1,3,5,10,4,81
21,0,1,1,3,5,2,4,0
21,0,1,1,3,5,3,4,0
21,0,1,1,3,5,4,4,0
21,0,1,1,3,5,5,4,0
21,0,1,1,3,5,6,4,26
21,0,1,1,3,5,7,4,171
21,0,1,1,3,5,8,4,374
21,0,1,1,3,5,9,4,291
21,0,1,1,4,4,10,4,88
21,0,1,1,4,4,2,4,0
21,0,1,1,4,4,3,4,0
21,0,1,1,4,4,4,4,0
21,0,1,1,4,4,5,4,0
21,0,1,1,4,4,6,4,36
21,0,1,1,4,4,7,4,208
21,0,1,1,4,4,8,4,423
21,0,1,1,4,4,9,4,319
21,0,1,2,2,5,10,4,99
21,0,1,2,2,5,2,4,0
21,0,1,2,2,5,3,4,0
21,0,1,2,2,5,4,4,0
21,0,1,2,2,5,5,4,2
21,0,1,2,2,5,6,4,57
21,0,1,2,2,5,7,4,273
21,0,1,2,2,5,8,4,529
21,0,1,2,2,5,9,4,379
21,0,1,2,3,4,10,4,117
21,0,1,2,3,4,2,4,0
21,0,1,2,3,4,3,4,0
21,0,1,2,3,4,4,4,0
21,0,1,2,3,4,5,4,4
21,0,1,2,3,4,6,4,107
21,0,1,2,3,4,7,4,438
21,0,1,2,3,4,8,4,736
21,0,1,2,3,4,9,4,481
21,0,1,3,3,3,10,4,128
21,0,1,3,3,3,2,4,0
21,0,1,3,3,3,3,4,0
21,0,1,3,3,3,4,4,0
21,0,1,3,3,3,5,4,6
21,0,1,3,3,3,6,4,152
21,0,1,3,3,3,7,4,577
21,0,1,3,3,3,8,4,905
21,0,1,3,3,3,9,4,556
21,0,3,0,0,6,2,4,0
21,0,3,0,0,6,3,4,0
21,0,3,0,0,6,4,4,0
21,0,3,0,0,6,5,4,0
21,0,3,0,0,6,6,4,9
21,0,3,0,0,6,7,4,16
21,0,3,0,0,6,8,4,10
21,0,3,0,0,6,9,4,1
21,0,3,0,1,5,2,4,0
21,0,3,0,1,5,3,4,0
21,0,3,0,1,5,4,4,0
21,0,3,0,1,5,5,4,8
21,0,3,0,1,5,6,4,45
21,0,3,0,1,5,7,4,55
21,0,3,0,1,5,8,4,28
21,0,3,0,1,5,9,4,2
21,0,3,0,2,4,2,4,0
21,0,3,0,2,4,3,4,0
21,0,3,0,2,4,4,4,2
21,0,3,0,2,4,5,4,22
21,0,3,0,2,4,6,4,90
21,0,3,0,2,4,7,4,104
21,0,3,0,2,4,8,4,45
21,0,3,0,2,4,9,4,3
21,0,3,0,3,3,2,4,0
21,0,3,0,3,3,3,4,0
21,0,3,0,3,3,4,4,4
21,0,3,0,3,3,5,4,29
21,0,3,0,3,3,6,4,113
21,0,3,0,3,3,7,4,124
21,0,3,0,3,3,8,4,51
21,0,3,0,3,3,9,4,4
21,0,3,1,1,4,2,4,0
21,0,3,1,1,4,3,4,0
21,0,3,1,1,4,4,4,9
21,0,3,1,1,4,5,4,56
21,0,3,1,1,4,6,4,178
21,0,3,1,1,4,7,4,182
21,0,3,1,1,4,8,4,74
21,0,3,1,1,4,9,4,5
21,0,3,1,2,3,2,4,0
21,0,3,1,2,3,3,4,0
21,0,3,1,2,3,4,4,27
21,0,3,1,2,3,5,4,107
21,0,3,1,2,3,6,4,310
21,0,3,1,2,3,7,4,296
21,0,3,1,2,3,8,4,108
21,0,3,1,2,3,9,4,7
21,0,3,2,2,2,2,4,0
21,0,3,2,2,2,3,4,0
21,0,3,2,2,2,4,4,49
21,0,3,2,2,2,5,4,156
21,0,3,2,2,2,6,4,437
21,0,3,2,2,2,7,4,400
21,0,3,2,2,2,8,4,139
21,0,3,2,2,2,9,4,8
21,0,5,0,0,3,2,4,0
21,0,5,0,0,3,3,4,1
21,0,5,0,0,3,4,4,6
21,0,5,0,0,3,5,4,4
21,0,5,0,0,3,6,4,0
21,0,5,0,0,3,7,4,0
21,0,5,0,0,3,8,4,0
21,0,5,0,1,2,2,4,1
21,0,5,0,1,2,3,4,2
21,0,5,0,1,2,4,4,15
21,0,5,0,1,2,5,4,8
21,0,5,0,1,2,6,4,2
21,0,5,0,1,2,7,4,0
21,0,5,0,1,2,8,4,0
21,0,5,1,1,1,2,4,3
21,0,5,1,1,1,3,4,3
21,0,5,1,1,1,4,4,28
21,0,5,1,1,1,5,4,12
21,0,5,1,1,1,6,4,6
21,0,5,1,1,1,7,4,0
21,0,5,1,1,1,8,4,0
21,0,7,0,0,0,2,4,0
21,0,7,0,0,0,3,4,0
21,0,7,0,0,0,4,4,0
21,0,7,0,0,0,5,4,0
21,0,7,0,0,0,6,4,0
21,0,7,0,0,0,7,4,0
21,1,2,0,0,6,2,4,0
21,1,2,0,0,6,3,4,0
21,1,2,0,0,6,4,4,0
21,1,2,0,0,6,5,4,0
21,1,2,0,0,6,6,4,13
21,1,2,0,0,6,7,4,37
21,1,2,0,0,6,8,4,41
21,1,2,0,0,6,9,4,10
21,1,2,0,1,5,2,4,0
21,1,2,0,1,5,3,4,0
21,1,2,0,1,5,4,4,0
21,1,2,0,1,5,5,4,12
21,1,2,0,1,5,6,4,91
21,1,2,0,1,5,7,4,158
21,1,2,0,1,5,8,4,120
21,1,2,0,1,5,9,4,23
21,1,2,0,2,4,2,4,0
21,1,2,0,2,4,3,4,0
21,1,2,0,2,4,4,4,3
21,1,2,0,2,4,5,4,38
21,1,2,0,2,4,6,4,201
21,1,2,0,2,4,7,4,309
21,1,2,0,2,4,8,4,195
21,1,2,0,2,4,9,4,33
21,1,2,0,3,3,2,4,0
21,1,2,0,3,3,3,4,0
21,1,2,0,3,3,4,4,6
21,1,2,0,3,3,5,4,51
21,1,2,0,3,3,6,4,258
21,1,2,0,3,3,7,4,376
21,1,2,0,3,3,8,4,223
21,1,2,0,3,3,9,4,37
21,1,2,1,1,4,2,4,0
21,1,2,1,1,4,3,4,0
21,1,2,1,1,4,4,4,13
21,1,2,1,1,4,5,4,104
21,1,2,1,1,4,6,4,433
21,1,2,1,1,4,7,4,580
21,1,2,1,1,4,8,4,329
21,1,2,1,1,4,9,4,50
21,1,2,1,2,3,2,4,0
21,1,2,1,2,3,3,4,0
21,1,2,1,2,3,4,4,45
21,1,2,1,2,3,5,4,213
21,1,2,1,2,3,6,4,793
21,1,2,1,2,3,7,4,967
21,1,2,1,2,3,8,4,485
21,1,2,1,2,3,9,4,67
21,1,2,2,2,2,2,4,0
21,1,2,2,2,2,3,4,0
21,1,2,2,2,2,4,4,87
21,1,2,2,2,2,5,4,325
21,1,2,2,2,2,6,4,1146
21,1,2,2,2,2,7,4,1322
21,1,2,2,2,2,8,4,624
21,1,2,2,2,2,9,4,80
21,1,4,0,0,3,2,4,0
21,1,4,0,0,3,3,4,1
21,1,4,0,0,3,4,4,15
21,1,4,0,0,3,5,4,22
21,1,4,0,0,3,6,4,17
21,1,4,0,0,3,7,4,4
21,1,4,0,0,3,8,4,0
21,1,4,0,1,2,2,4,1
21,1,4,0,1,2,3,4,3
21,1,4,0,1,2,4,4,47
21,1,4,0,1,2,5,4,49
21,1,4,0,1,2,6,4,40
21,1,4,0,1,2,7,4,9
21,1,4,0,1,2,8,4,0
21,1,4,1,1,1,2,4,4
21,1,4,1,1,1,3,4,6
21,1,4,1,1,1,4,4,96
21,1,4,1,1,1,5,4,82
21,1,4,1,1,1,6,4,72
21,1,4,1,1,1,7,4,15
21,1,4,1,1,1,8,4,0
21,1,6,0,0,0,2,4,1
21,1,6,0,0,0,3,4,0
21,1,6,0,0,0,4,4,0
21,1,6,0,0,0,5,4,0
21,1,6,0,0,0,6,4,0
21,1,6,0,0,0,7,4,0
21,2,3,0,0,3,2,4,0
21,2,3,0,0,3,3,4,1
21,2,3,0,0,3,4,4,19
21,2,3,0,0,3,5,4,34
21,2,3,0,0,3,6,4,39
21,2,3,0,0,3,7,4,17
21,2,3,0,0,3,8,4,2
21,2,3,0,1,2,2,4,1
21,2,3,0,1,2,3,4,3
21,2,3,0,1,2,4,4,65
21,2,3,0,1,2,5,4,83
21,2,3,0,1,2,6,4,97
21,2,3,0,1,2,7,4,36
21,2,3,0,1,2,8,4,3
21,2,3,1,1,1,2,4,4
21,2,3,1,1,1,3,4,6
21,2,3,1,1,1,4,4,140
21,2,3,1,1,1,5,4,148
21,2,3,1,1,1,6,4,178
21,2,3,1,1,1,7,4,59
21,2,3,1,1,1,8,4,4
21,2,5,0,0,0,2,4,1
21,2,5,0,0,0,3,4,0
21,2,5,0,0,0,4,4,2
21,2,5,0,0,0,5,4,0
21,2,5,0,0,0,6,4,0
21,2,5,0,0,0,7,4,0
21,3,4,0,0,0,2,4,1
21,3,4,0,0,0,3,4,0
21,3,4,0,0,0,4,4,3
21,3,4,0,0,0,5,4,0
21,3,4,0,0,0,6,4,1
21,3,4,0,0,0,7,4,0
22,0,0,0,0,11,10,4,0
22,0,0,0,0,11,11,4,4
22,0,0,0,0,11,2,4,0
22,0,0,0,0,11,3,4,0
22,0,0,0,0,11,4,4,0
22,0,0,0,0,11,5,4,0
22,0,0,0,0,11,6,4,0
22,0,0,0,0,11,7,4,0
22,0,0,0,0,11,8,4,0
22,0,0,0,0,11,9,4,0
22,0,0,0,1,10,10,4,9
22,0,0,0,1,10,11,4,9
22,0,0,0,1,10,2,4,0
22,0,0,0,1,10,3,4,0
22,0,0,0,1,10,4,4,0
22,0,0,0,1,10,5,4,0
22,0,0,0,1,10,6,4,0
22,0,0,0,1,10,7,4,0
22,0,0,0,1,10,8,4,0
22,0,0,0,1,10,9,4,0
22,0,0,0,2,9,10,4,19
22,0,0,0,2,9,11,4,15
22,0,0,0,2,9,2,4,0
22,0,0,0,2,9,3,4,0
22,0,0,0,2,9,4,4,0
22,0,0,0,2,9,5,4,0
22,0,0,0,2,9,6,4,0
22,0,0,0,2,9,7,4,0
22,0,0,0,2,9,8,4,0
22,0,0,0,2,9,9,4,4
22,0,0,0,3,8,10,4,30
22,0,0,0,3,8,11,4,20
22,0,0,0,3,8,2,4,0
22,0,0,0,3,8,3,4,0
22,0,0,0,3,8,4,4,0
22,0,0,0,3,8,5,4,0
22,0,0,0,3,8,6,4,0
22,0,0,0,3,8,7,4,0
22,0,0,0,3,8,8,4,0
22,0,0,0,3,8,9,4,10
22,0,0,0,4,7,10,4,38
22,0,0,0,4,7,11,4,24
22,0,0,0,4,7,2,4,0
22,0,0,0,4,7,3,4,0
22,0,0,0,4,7,4,4,0
22,0,0,0,4,7,5,4,0
22,0,0,0,4,7,6,4,0
22,0,0,0,4,7,7,4,0
22,0,0,0,4,7,8,4,1
22,0,0,0,4,7,9,4,15
22,0,0,0,5,6,10,4,43
22,0,0,0,5,6,11,4,26
22,0,0,0,5,6,2,4,0
22,0,0,0,5,6,3,4,0
22,0,0,0,5,6,4,4,0
22,0,0,0,5,6,5,4,0
22,0,0,0,5,6,6,4,0
22,0,0,0,5,6,7,4,0
22,0,0,0,5,6,8,4,1
22,0,0,0,5,6,9,4,18
22,0,0,1,1,9,10,4,42
22,0,0,1,1,9,11,4,21
22,0,0,1,1,9,2,4,0
22,0,0,1,1,9,3,4,0
22,0,0,1,1,9,4,4,0
22,0,0,1,1,9,5,4,0
22,0,0,1,1,9,6,4,0
22,0,0,1,1,9,7,4,0
22,0,0,1,1,9,8,4,0
22,0,0,1,1,9,9,4,16
22,0,0,1,2,8,10,4,83
22,0,0,1,2,8,11,4,35
22,0,0,1,2,8,2,4,0
22,0,0,1,2,8,3,4,0
22,0,0,1,2,8,4,4,0
22,0,0,1,2,8,5,4,0
22,0,0,1,2,8,6,4,0
22,0,0,1,2,8,7,4,0
22,0,0,1,2,8,8,4,10
22,0,0,1,2,8,9,4,53
22,0,0,1,3,7,10,4,123
22,0,0,1,3,7,11,4,46
22,0,0,1,3,7,2,4,0
22,0,0,1,3,7,3,4,0
22,0,0,1,3,7,4,4,0
22,0,0,1,3,7,5,4,0
22,0,0,1,3,7,6,4,0
22,0,0,1,3,7,7,4,1
22,0,0,1,3,7,8,4,28
22,0,0,1,3,7,9,4,98
22,0,0,1,4,6,10,4,150
22,0,0,1,4,6,11,4,54
22,0,0,1,4,6,2,4,0
22,0,0,1,4,6,3,4,0
22,0,0,1,4,6,4,4,0
22,0,0,1,4,6,5,4,0
22,0,0,1,4,6,6,4,0
22,0,0,1,4,6,7,4,4
22,0,0,1,4,6,8,4,45
22,0,0,1,4,6,9,4,132
22,0,0,1,5,5,10,4,161
22,0,0,1,5,5,11,4,56
22,0,0,1,5,5,2,4,0
22,0,0,1,5,5,3,4,0
22,0,0,1,5,5,4,4,0
22,0,0,1,5,5,5,4,0
22,0,0,1,5,5,6,4,0
22,0,0,1,5,5,7,4,5
22,0,0,1,5,5,8,4,51
22,0,0,1,5,5,9,4,145
22,0,0,2,2,7,10,4,160
22,0,0,2,2,7,11,4,56
22,0,0,2,2,7,2,4,0
22,0,0,2,2,7,3,4,0
22,0,0,2,2,7,4,4,0
22,0,0,2,2,7,5,4,0
22,0,0,2,2,7,6,4,0
22,0,0,2,2,7,7,4,6
22,0,0,2,2,7,8,4,57
22,0,0,2,2,7,9,4,148
22,0,0,2,3,6,10,4,228
22,0,0,2,3,6,11,4,72
22,0,0,2,3,6,2,4,0
22,0,0,2,3,6,3,4,0
22,0,0,2,3,6,4,4,0
22,0,0,2,3,6,5,4,0
22,0,0,2,3,6,6,4,1
22,0,0,2,3,6,7,4,20
22,0,0,2,3,6,8,4,121
22,0,0,2,3,6,9,4,251
22,0,0,2,4,5,10,4,266
22,0,0,2,4,5,11,4,81
22,0,0,2,4,5,2,4,0
22,0,0,2,4,5,3,4,0
22,0,0,2,4,5,4,4,0
22,0,0,2,4,5,5,4,0
22,0,0,2,4,5,6,4,2
22,0,0,2,4,5,7,4,34
22,0,0,2,4,5,8,4,168
22,0,0,2,4,5,9,4,314
22,0,0,3,3,5,10,4,310
22,0,0,3,3,5,11,4,89
22,0,0,3,3,5,2,4,0
22,0,0,3,3,5,3,4,0
22,0,0,3,3,5,4,4,0
22,0,0,3,3,5,5,4,0
22,0,0,3,3,5,6,4,4
22,0,0,3,3,5,7,4,50
22,0,0,3,3,5,8,4,228
22,0,0,3,3,5,9,4,394
22,0,0,3,4,4,10,4,338
22,0,0,3,4,4,11,4,96
22,0,0,3,4,4,2,4,0
22,0,0,3,4,4,3,4,0
22,0,0,3,4,4,4,4,0
22,0,0,3,4,4,5,4,0
22,0,0,3,4,4,6,4,6
22,0,0,3,4,4,7,4,68
22,0,0,3,4,4,8,4,278
22,0,0,3,4,4,9,4,448
22,0,2,0,0,8,10,4,4
22,0,2,0,0,8,2,4,0
22,0,2,0,0,8,3,4,0
22,0,2,0,0,8,4,4,0
22,0,2,0,0,8,5,4,0
22,0,2,0,0,8,6,4,0
22,0,2,0,0,8,7,4,0
22,0,2,0,0,8,8,4,12
22,0,2,0,0,8,9,4,16
22,0,2,0,1,7,10,4,12
22,0,2,0,1,7,2,4,0
22,0,2,0,1,7,3,4,0
22,0,2,0,1,7,4,4,0
22,0,2,0,1,7,5,4,0
22,0,2,0,1,7,6,4,0
22,0,2,0,1,7,7,4,16
22,0,2,0,1,7,8,4,61
22,0,2,0,1,7,9,4,53
22,0,2,0,2,6,10,4,18
22,0,2,0,2,6,2,4,0
22,0,2,0,2,6,3,4,0
22,0,2,0,2,6,4,4,0
22,0,2,0,2,6,5,4,0
22,0,2,0,2,6,6,4,6
22,0,2,0,2,6,7,4,55
22,0,2,0,2,6,8,4,140
22,0,2,0,2,6,9,4,98
22,0,2,0,3,5,10,4,24
22,0,2,0,3,5,2,4,0
22,0,2,0,3,5,3,4,0
22,0,2,0,3,5,4,4,0
22,0,2,0,3,5,5,4,0
22,0,2,0,3,5,6,4,17
22,0,2,0,3,5,7,4,104
22,0,2,0,3,5,8,4,205
22,0,2,0,3,5,9,4,132
22,0,2,0,4,4,10,4,25
22,0,2,0,4,4,2,4,0
22,0,2,0,4,4,3,4,0
22,0,2,0,4,4,4,4,0
22,0,2,0,4,4,5,4,0
22,0,2,0,4,4,6,4,22
22,0,2,0,4,4,7,4,124
22,0,2,0,4,4,8,4,234
22,0,2,0,4,4,9,4,145
22,0,2,1,1,6,10,4,30
22,0,2,1,1,6,2,4,0
22,0,2,1,1,6,3,4,0
22,0,2,1,1,6,4,4,0
22,0,2,1,1,6,5,4,0
22,0,2,1,1,6,6,4,28
22,0,2,1,1,6,7,4,134
22,0,2,1,1,6,8,4,268
22,0,2,1,1,6,9,4,167
22,0,2,1,2,5,10,4,45
22,0,2,1,2,5,2,4,0
22,0,2,1,2,5,3,4,0
22,0,2,1,2,5,4,4,0
22,0,2,1,2,5,5,4,6
22,0,2,1,2,5,6,4,103
22,0,2,1,2,5,7,4,359
22,0,2,1,2,5,8,4,547
22,0,2,1,2,5,9,4,291
22,0,2,1,3,4,10,4,54
22,0,2,1,3,4,2,4,0
22,0,2,1,3,4,3,4,0
22,0,2,1,3,4,4,4,0
22,0,2,1,3,4,5,4,12
22,0,2,1,3,4,6,4,179
22,0,2,1,3,4,7,4,551
22,0,2,1,3,4,8,4,740
22,0,2,1,3,4,9,4,368
22,0,2,2,2,4,10,4,63
22,0,2,2,2,4,2,4,0
22,0,2,2,2,4,3,4,0
22,0,2,2,2,4,4,4,2
22,0,2,2,2,4,5,4,28
22,0,2,2,2,4,6,4,292
22,0,2,2,2,4,7,4,812
22,0,2,2,2,4,8,4,1022
22,0,2,2,2,4,9,4,473
22,0,2,2,3,3,10,4,72
22,0,2,2,3,3,2,4,0
22,0,2,2,3,3,3,4,0
22,0,2,2,3,3,4,4,3
22,0,2,2,3,3,5,4,39
22,0,2,2,3,3,6,4,403
22,0,2,2,3,3,7,4,1040
22,0,2,2,3,3,8,4,1222
22,0,2,2,3,3,9,4,543
22,0,4,0,0,5,2,4,0
22,0,4,0,0,5,3,4,0
22,0,4,0,0,5,4,4,0
22,0,4,0,0,5,5,4,5
22,0,4,0,0,5,6,4,18
22,0,4,0,0,5,7,4,11
22,0,4,0,0,5,8,4,2
22,0,4,0,0,5,9,4,0
22,0,4,0,1,4,2,4,0
22,0,4,0,1,4,3,4,0
22,0,4,0,1,4,4,4,6
22,0,4,0,1,4,5,4,26
22,0,4,0,1,4,6,4,55
22,0,4,0,1,4,7,4,35
22,0,4,0,1,4,8,4,7
22,0,4,0,1,4,9,4,0
22,0,4,0,2,3,2,4,0
22,0,4,0,2,3,3,4,0
22,0,4,0,2,3,4,4,15
22,0,4,0,2,3,5,4,46
22,0,4,0,2,3,6,4,91
22,0,4,0,2,3,7,4,56
22,0,4,0,2,3,8,4,10
22,0,4,0,2,3,9,4,0
22,0,4,1,1,3,2,4,0
22,0,4,1,1,3,3,4,1
22,0,4,1,1,3,4,4,39
22,0,4,1,1,3,5,4,92
22,0,4,1,1,3,6,4,160
22,0,4,1,1,3,7,4,97
22,0,4,1,1,3,8,4,19
22,0,4,1,1,3,9,4,0
22,0,4,1,2,2,2,4,0
22,0,4,1,2,2,3,4,1
22,0,4,1,2,2,4,4,64
22,0,4,1,2,2,5,4,126
22,0,4,1,2,2,6,4,222
22,0,4,1,2,2,7,4,128
22,0,4,1,2,2,8,4,24
22,0,4,1,2,2,9,4,0
22,0,6,0,0,2,2,4,1
22,0,6,0,0,2,3,4,1
22,0,6,0,0,2,4,4,2
22,0,6,0,0,2,5,4,0
22,0,6,0,0,2,6,4,0
22,0,6,0,0,2,7,4,0
22,0,6,0,0,2,8,4,0
22,0,6,0,1,1,2,4,2
22,0,6,0,1,1,3,4,1
22,0,6,0,1,1,4,4,5
22,0,6,0,1,1,5,4,0
22,0,6,0,1,1,6,4,0
22,0,6,0,1,1,7,4,0
22,0,6,0,1,1,8,4,0
22,1,1,0,0,8,10,4,19
22,1,1,0,0,8,2,4,0
22,1,1,0,0,8,3,4,0
22,1,1,0,0,8,4,4,0
22,1,1,0,0,8,5,4,0
22,1,1,0,0,8,6,4,0
22,1,1,0,0,8,7,4,0
22,1,1,0,0,8,8,4,14
22,1,1,0,0,8,9,4,30
22,1,1,0,1,7,10,4,42
22,1,1,0,1,7,2,4,0
22,1,1,0,1,7,3,4,0
22,1,1,0,1,7,4,4,0
22,1,1,0,1,7,5,4,0
22,1,1,0,1,7,6,4,0
22,1,1,0,1,7,7,4,22
22,1,1,0,1,7,8,4,102
22,1,1,0,1,7,9,4,114
22,1,1,0,2,6,10,4,66
22,1,1,0,2,6,2,4,0
22,1,1,0,2,6,3,4,0
22,1,1,0,2,6,4,4,0
22,1,1,0,2,6,5,4,0
22,1,1,0,2,6,6,4,10
22,1,1,0,2,6,7,4,88
22,1,1,0,2,6,8,4,244
22,1,1,0,2,6,9,4,214
22,1,1,0,3,5,10,4,81
22,1,1,0,3,5,2,4,0
22,1,1,0,3,5,3,4,0
22,1,1,0,3,5,4,4,0
22,1,1,0,3,5,5,4,0
22,1,1,0,3,5,6,4,26
22,1,1,0,3,5,7,4,171
22,1,1,0,3,5,8,4,374
22,1,1,0,3,5,9,4,291
22,1,1,0,4,4,10,4,88
22,1,1,0,4,4,2,4,0
22,1,1,0,4,4,3,4,0
22,1,1,0,4,4,4,4,0
22,1,1,0,4,4,5,4,0
22,1,1,0,4,4,6,4,36
22,1,1,0,4,4,7,4,208
22,1,1,0,4,4,8,4,423
22,1,1,0,4,4,9,4,319
22,1,1,1,1,6,10,4,96
22,1,1,1,1,6,2,4,0
22,1,1,1,1,6,3,4,0
22,1,1,1,1,6,4,4,0
22,1,1,1,1,6,5,4,0
22,1,1,1,1,6,6,4,38
22,1,1,1,1,6,7,4,222
22,1,1,1,1,6,8,4,512
22,1,1,1,1,6,9,4,381
22,1,1,1,2,5,10,4,144
22,1,1,1,2,5,2,4,0
22,1,1,1,2,5,3,4,0
22,1,1,1,2,5,4,4,0
22,1,1,1,2,5,5,4,8
22,1,1,1,2,5,6,4,160
22,1,1,1,2,5,7,4,632
22,1,1,1,2,5,8,4,1076
22,1,1,1,2,5,9,4,670
22,1,1,1,3,4,10,4,171
22,1,1,1,3,4,2,4,0
22,1,1,1,3,4,3,4,0
22,1,1,1,3,4,4,4,0
22,1,1,1,3,4,5,4,16
22,1,1,1,3,4,6,4,286
22,1,1,1,3,4,7,4,989
22,1,1,1,3,4,8,4,1476
22,1,1,1,3,4,9,4,849
22,1,1,2,2,4,10,4,207
22,1,1,2,2,4,2,4,0
22,1,1,2,2,4,3,4,0
22,1,1,2,2,4,4,4,2
22,1,1,2,2,4,5,4,40
22,1,1,2,2,4,6,4,491
22,1,1,2,2,4,7,4,1490
22,1,1,2,2,4,8,4,2045
22,1,1,2,2,4,9,4,1096
22,1,1,2,3,3,10,4,228
22,1,1,2,3,3,2,4,0
22,1,1,2,3,3,3,4,0
22,1,1,2,3,3,4,4,4
22,1,1,2,3,3,5,4,56
22,1,1,2,3,3,6,4,676
22,1,1,2,3,3,7,4,1923
22,1,1,2,3,3,8,4,2482
22,1,1,2,3,3,9,4,1263
22,1,3,0,0,5,2,4,0
22,1,3,0,0,5,3,4,0
22,1,3,0,0,5,4,4,0
22,1,3,0,0,5,5,4,8
22,1,3,0,0,5,6,4,45
22,1,3,0,0,5,7,4,55
22,1,3,0,0,5,8,4,28
22,1,3,0,0,5,9,4,2
22,1,3,0,1,4,2,4,0
22,1,3,0,1,4,3,4,0
22,1,3,0,1,4,4,4,9
22,1,3,0,1,4,5,4,56
22,1,3,0,1,4,6,4,178
22,1,3,0,1,4,7,4,182
22,1,3,0,1,4,8,4,74
22,1,3,0,1,4,9,4,5
22,1,3,0,2,3,2,4,0
22,1,3,0,2,3,3,4,0
22,1,3,0,2,3,4,4,27
22,1,3,0,2,3,5,4,107
22,1,3,0,2,3,6,4,310
22,1,3,0,2,3,7,4,296
22,1,3,0,2,3,8,4,108
22,1,3,0,2,3,9,4,7
22,1,3,1,1,3,2,4,0
22,1,3,1,1,3,3,4,1
22,1,3,1,1,3,4,4,76
22,1,3,1,1,3,5,4,237
22,1,3,1,1,3,6,4,594
22,1,3,1,1,3,7,4,525
22,1,3,1,1,3,8,4,180
22,1,3,1,1,3,9,4,11
22,1,3,1,2,2,2,4,0
22,1,3,1,2,2,3,4,1
22,1,3,1,2,2,4,4,132
22,1,3,1,2,2,5,4,338
22,1,3,1,2,2,6,4,838
22,1,3,1,2,2,7,4,705
22,1,3,1,2,2,8,4,230
22,1,3,1,2,2,9,4,13
22,1,5,0,0,2,2,4,1
22,1,5,0,0,2,3,4,2
22,1,5,0,0,2,4,4,15
22,1,5,0,0,2,5,4,8
22,1,5,0,0,2,6,4,2
22,1,5,0,0,2,7,4,0
22,1,5,0,0,2,8,4,0
22,1,5,0,1,1,2,4,3
22,1,5,0,1,1,3,4,3
22,1,5,0,1,1,4,4,28
22,1,5,0,1,1,5,4,12
22,1,5,0,1,1,6,4,6
22,1,5,0,1,1,7,4,0
22,1,5,0,1,1,8,4,0
22,2,2,0,0,5,2,4,0
22,2,2,0,0,5,3,4,0
22,2,2,0,0,5,4,4,0
22,2,2,0,0,5,5,4,9
22,2,2,0,0,5,6,4,55
22,2,2,0,0,5,7,4,76
22,2,2,0,0,5,8,4,48
22,2,2,0,0,5,9,4,8
22,2,2,0,1,4,2,4,0
22,2,2,0,1,4,3,4,0
22,2,2,0,1,4,4,4,10
22,2,2,0,1,4,5,4,66
22,2,2,0,1,4,6,4,232
22,2,2,0,1,4,7,4,271
22,2,2,0,1,4,8,4,134
22,2,2,0,1,4,9,4,17
22,2,2,0,2,3,2,4,0
22,2,2,0,2,3,3,4,0
22,2,2,0,2,3,4,4,31
22,2,2,0,2,3,5,4,129
22,2,2,0,2,3,6,4,416
22,2,2,0,2,3,7,4,448
22,2,2,0,2,3,8,4,196
22,2,2,0,2,3,9,4,23
22,2,2,1,1,3,2,4,0
22,2,2,1,1,3,3,4,1
22,2,2,1,1,3,4,4,88
22,2,2,1,1,3,5,4,292
22,2,2,1,1,3,6,4,819
22,2,2,1,1,3,7,4,820
22,2,2,1,1,3,8,4,334
22,2,2,1,1,3,9,4,34
22,2,2,1,2,2,2,4,0
22,2,2,1,2,2,3,4,1
22,2,2,1,2,2,4,4,156
22,2,2,1,2,2,5,4,423
22,2,2,1,2,2,6,4,1170
22,2,2,1,2,2,7,4,1108
22,2,2,1,2,2,8,4,426
22,2,2,1,2,2,9,4,41
22,2,4,0,0,2,2,4,1
22,2,4,0,0,2,3,4,2
22,2,4,0,0,2,4,4,23
22,2,4,0,0,2,5,4,20
22,2,4,0,0,2,6,4,18
22,2,4,0,0,2,7,4,4
22,2,4,0,0,2,8,4,0
22,2,4,0,1,1,2,4,3
22,2,4,0,1,1,3,4,3
22,2,4,0,1,1,4,4,49
22,2,4,0,1,1,5,4,33
22,2,4,0,1,1,6,4,32
22,2,4,0,1,1,7,4,6
22,2,4,0,1,1,8,4,0
22,3,3,0,0,2,2,4,1
22,3,3,0,0,2,3,4,2
22,3,3,0,0,2,4,4,27
22,3,3,0,0,2,5,4,24
22,3,3,0,0,2,6,4,23
22,3,3,0,0,2,7,4,7
22,3,3,0,0,2,8,4,1
22,3,3,0,1,1,2,4,3
22,3,3,0,1,1,3,4,3
22,3,3,0,1,1,4,4,56
22,3,3,0,1,1,5,4,40
22,3,3,0,1,1,6,4,46
22,3,3,0,1,1,7,4,11
22,3,3,0,1,1,8,4,1
23,0,1,0,0,10,10,4,9
23,0,1,0,0,10,11,4,9
23,0,1,0,0,10,2,4,0
23,0,1,0,0,10,3,4,0
23,0,1,0,0,10,4,4,0
23,0,1,0,0,10,5,4,0
23,0,1,0,0,10,6,4,0
23,0,1,0,0,10,7,4,0
23,0,1,0,0,10,8,4,0
23,0,1,0,0,10,9,4,0
23,0,1,0,1,9,10,4,42
23,0,1,0,1,9,11,4,21
23,0,1,0,1,9,2,4,0
23,0,1,0,1,9,3,4,0
23,0,1,0,1,9,4,4,0
23,0,1,0,1,9,5,4,0
23,0,1,0,1,9,6,4,0
23,0,1,0,1,9,7,4,0
23,0,1,0,1,9,8,4,0
23,0,1,0,1,9,9,4,16
23,0,1,0,2,8,10,4,83
23,0,1,0,2,8,11,4,35
23,0,1,0,2,8,2,4,0
23,0,1,0,2,8,3,4,0
23,0,1,0,2,8,4,4,0
23,0,1,0,2,8,5,4,0
23,0,1,0,2,8,6,4,0
23,0,1,0,2,8,7,4,0
23,0,1,0,2,8,8,4,10
23,0,1,0,2,8,9,4,53
23,0,1,0,3,7,10,4,123
23,0,1,0,3,7,11,4,46
23,0,1,0,3,7,2,4,0
23,0,1,0,3,7,3,4,0
23,0,1,0,3,7,4,4,0
23,0,1,0,3,7,5,4,0
23,0,1,0,3,7,6,4,0
23,0,1,0,3,7,7,4,1
23,0,1,0,3,7,8,4,28
23,0,1,0,3,7,9,4,98
23,0,1,0,4,6,10,4,150
23,0,1,0,4,6,11,4,54
23,0,1,0,4,6,2,4,0
23,0,1,0,4,6,3,4,0
23,0,1,0,4,6,4,4,0
23,0,1,0,4,6,5,4,0
23,0,1,0,4,6,6,4,0
23,0,1,0,4,6,7,4,4
23,0,1,0,4,6,8,4,45
23,0,1,0,4,6,9,4,132
23,0,1,0,5,5,10,4,161
23,0,1,0,5,5,11,4,56
23,0,1,0,5,5,2,4,0
23,0,1,0,5,5,3,4,0
23,0,1,0,5,5,4,4,0
23,0,1,0,5,5,5,4,0
23,0,1,0,5,5,6,4,0
23,0,1,0,5,5,7,4,5
23,0,1,0,5,5,8,4,51
23,0,1,0,5,5,9,4,145
23,0,1,1,1,8,10,4,155
23,0,1,1,1,8,11,4,51
23,0,1,1,1,8,2,4,0
23,0,1,1,1,8,3,4,0
23,0,1,1,1,8,4,4,0
23,0,1,1,1,8,5,4,0
23,0,1,1,1,8,6,4,0
23,0,1,1,1,8,7,4,0
23,0,1,1,1,8,8,4,37
23,0,1,1,1,8,9,4,129
23,0,1,1,2,7,10,4,296
23,0,1,1,2,7,11,4,82
23,0,1,1,2,7,2,4,0
23,0,1,1,2,7,3,4,0
23,0,1,1,2,7,4,4,0
23,0,1,1,2,7,5,4,0
23,0,1,1,2,7,6,4,0
23,0,1,1,2,7,7,4,17
23,0,1,1,2,7,8,4,153
23,0,1,1,2,7,9,4,333
23,0,1,1,3,6,10,4,418
23,0,1,1,3,6,11,4,106
23,0,1,1,3,6,2,4,0
23,0,1,1,3,6,3,4,0
23,0,1,1,3,6,4,4,0
23,0,1,1,3,6,5,4,0
23,0,1,1,3,6,6,4,1
23,0,1,1,3,6,7,4,55
23,0,1,1,3,6,8,4,308
23,0,1,1,3,6,9,4,548
23,0,1,1,4,5,10,4,488
23,0,1,1,4,5,11,4,119
23,0,1,1,4,5,2,4,0
23,0,1,1,4,5,3,4,0
23,0,1,1,4,5,4,4,0
23,0,1,1,4,5,5,4,0
23,0,1,1,4,5,6,4,4
23,0,1,1,4,5,7,4,90
23,0,1,1,4,5,8,4,415
23,0,1,1,4,5,9,4,680
23,0,1,2,2,6,10,4,542
23,0,1,2,2,6,11,4,128
23,0,1,2,2,6,2,4,0
23,0,1,2,2,6,3,4,0
23,0,1,2,2,6,4,4,0
23,0,1,2,2,6,5,4,0
23,0,1,2,2,6,6,4,8
23,0,1,2,2,6,7,4,111
23,0,1,2,2,6,8,4,499
23,0,1,2,2,6,9,4,783
23,0,1,2,3,5,10,4,729
23,0,1,2,3,5,11,4,159
23,0,1,2,3,5,2,4,0
23,0,1,2,3,5,3,4,0
23,0,1,2,3,5,4,4,0
23,0,1,2,3,5,5,4,0
23,0,1,2,3,5,6,4,26
23,0,1,2,3,5,7,4,249
23,0,1,2,3,5,8,4,875
23,0,1,2,3,5,9,4,1192
23,0,1,2,4,4,10,4,797
23,0,1,2,4,4,11,4,171
23,0,1,2,4,4,2,4,0
23,0,1,2,4,4,3,4,0
23,0,1,2,4,4,4,4,0
23,0,1,2,4,4,5,4,0
23,0,1,2,4,4,6,4,38
23,0,1,2,4,4,7,4,320
23,0,1,2,4,4,8,4,1039
23,0,1,2,4,4,9,4,1349
23,0,1,3,3,4,10,4,919
23,0,1,3,3,4,11,4,189
23,0,1,3,3,4,2,4,0
23,0,1,3,3,4,3,4,0
23,0,1,3,3,4,4,4,0
23,0,1,3,3,4,5,4,0
23,0,1,3,3,4,6,4,60
23,0,1,3,3,4,7,4,450
23,0,1,3,3,4,8,4,1356
23,0,1,3,3,4,9,4,1651
23,0,3,0,0,7,10,4,0
23,0,3,0,0,7,2,4,0
23,0,3,0,0,7,3,4,0
23,0,3,0,0,7,4,4,0
23,0,3,0,0,7,5,4,0
23,0,3,0,0,7,6,4,0
23,0,3,0,0,7,7,4,10
23,0,3,0,0,7,8,4,27
23,0,3,0,0,7,9,4,14
23,0,3,0,1,6,10,4,2
23,0,3,0,1,6,2,4,0
23,0,3,0,1,6,3,4,0
23,0,3,0,1,6,4,4,0
23,0,3,0,1,6,5,4,0
23,0,3,0,1,6,6,4,18
23,0,3,0,1,6,7,4,63
23,0,3,0,1,6,8,4,96
23,0,3,0,1,6,9,4,41
23,0,3,0,2,5,10,4,3
23,0,3,0,2,5,2,4,0
23,0,3,0,2,5,3,4,0
23,0,3,0,2,5,4,4,0
23,0,3,0,2,5,5,4,4
23,0,3,0,2,5,6,4,55
23,0,3,0,2,5,7,4,153
23,0,3,0,2,5,8,4,187
23,0,3,0,2,5,9,4,71
23,0,3,0,3,4,10,4,4
23,0,3,0,3,4,2,4,0
23,0,3,0,3,4,3,4,0
23,0,3,0,3,4,4,4,0
23,0,3,0,3,4,5,4,8
23,0,3,0,3,4,6,4,91
23,0,3,0,3,4,7,4,227
23,0,3,0,3,4,8,4,247
23,0,3,0,3,4,9,4,90
23,0,3,1,1,5,10,4,7
23,0,3,1,1,5,2,4,0
23,0,3,1,1,5,3,4,0
23,0,3,1,1,5,4,4,0
23,0,3,1,1,5,5,4,16
23,0,3,1,1,5,6,4,141
23,0,3,1,1,5,7,4,306
23,0,3,1,1,5,8,4,328
23,0,3,1,1,5,9,4,116
23,0,3,1,2,4,10,4,9
23,0,3,1,2,4,2,4,0
23,0,3,1,2,4,3,4,0
23,0,3,1,2,4,4,4,4
23,0,3,1,2,4,5,4,52
23,0,3,1,2,4,6,4,334
23,0,3,1,2,4,7,4,641
23,0,3,1,2,4,8,4,585
23,0,3,1,2,4,9,4,188
23,0,3,1,3,3,10,4,11
23,0,3,1,3,3,2,4,0
23,0,3,1,3,3,3,4,0
23,0,3,1,3,3,4,4,8
23,0,3,1,3,3,5,4,70
23,0,3,1,3,3,6,4,439
23,0,3,1,3,3,7,4,800
23,0,3,1,3,3,8,4,692
23,0,3,1,3,3,9,4,216
23,0,3,2,2,3,10,4,12
23,0,3,2,2,3,2,4,0
23,0,3,2,2,3,3,4,0
23,0,3,2,2,3,4,4,19
23,0,3,2,2,3,5,4,117
23,0,3,2,2,3,6,4,657
23,0,3,2,2,3,7,4,1131
23,0,3,2,2,3,8,4,933
23,0,3,2,2,3,9,4,274
23,0,5,0,0,4,2,4,0
23,0,5,0,0,4,3,4,0
23,0,5,0,0,4,4,4,4
23,0,5,0,0,4,5,4,10
23,0,5,0,0,4,6,4,10
23,0,5,0,0,4,7,4,2
23,0,5,0,0,4,8,4,0
23,0,5,0,0,4,9,4,0
23,0,5,0,1,3,2,4,0
23,0,5,0,1,3,3,4,1
23,0,5,0,1,3,4,4,18
23,0,5,0,1,3,5,4,28
23,0,5,0,1,3,6,4,27
23,0,5,0,1,3,7,4,8
23,0,5,0,1,3,8,4,0
23,0,5,0,1,3,9,4,0
23,0,5,0,2,2,2,4,0
23,0,5,0,2,2,3,4,1
23,0,5,0,2,2,4,4,28
23,0,5,0,2,2,5,4,37
23,0,5,0,2,2,6,4,37
23,0,5,0,2,2,7,4,10
23,0,5,0,2,2,8,4,0
23,0,5,0,2,2,9,4,0
23,0,5,1,1,2,2,4,1
23,0,5,1,1,2,3,4,3
23,0,5,1,1,2,4,4,58
23,0,5,1,1,2,5,4,63
23,0,5,1,1,2,6,4,66
23,0,5,1,1,2,7,4,19
23,0,5,1,1,2,8,4,1
23,0,5,1,1,2,9,4,0
23,0,7,0,0,1,2,4,1
23,0,7,0,0,1,3,4,0
23,0,7,0,0,1,4,4,0
23,0,7,0,0,1,5,4,0
23,0,7,0,0,1,6,4,0
23,0,7,0,0,1,7,4,0
23,0,7,0,0,1,8,4,0
23,1,2,0,0,7,10,4,12
23,1,2,0,0,7,2,4,0
23,1,2,0,0,7,3,4,0
23,1,2,0,0,7,4,4,0
23,1,2,0,0,7,5,4,0
23,1,2,0,0,7,6,4,0
23,1,2,0,0,7,7,4,16
23,1,2,0,0,7,8,4,61
23,1,2,0,0,7,9,4,53
23,1,2,0,1,6,10,4,30
23,1,2,0,1,6,2,4,0
23,1,2,0,1,6,3,4,0
23,1,2,0,1,6,4,4,0
23,1,2,0,1,6,5,4,0
23,1,2,0,1,6,6,4,28
23,1,2,0,1,6,7,4,134
23,1,2,0,1,6,8,4,268
23,1,2,0,1,6,9,4,167
23,1,2,0,2,5,10,4,45
23,1,2,0,2,5,2,4,0
23,1,2,0,2,5,3,4,0
23,1,2,0,2,5,4,4,0
23,1,2,0,2,5,5,4,6
23,1,2,0,2,5,6,4,103
23,1,2,0,2,5,7,4,359
23,1,2,0,2,5,8,4,547
23,1,2,0,2,5,9,4,291
23,1,2,0,3,4,10,4,54
23,1,2,0,3,4,2,4,0
23,1,2,0,3,4,3,4,0
23,1,2,0,3,4,4,4,0
23,1,2,0,3,4,5,4,12
23,1,2,0,3,4,6,4,179
23,1,2,0,3,4,7,4,551
23,1,2,0,3,4,8,4,740
23,1,2,0,3,4,9,4,368
23,1,2,1,1,5,10,4,70
23,1,2,1,1,5,2,4,0
23,1,2,1,1,5,3,4,0
23,1,2,1,1,5,4,4,0
23,1,2,1,1,5,5,4,24
23,1,2,1,1,5,6,4,275
23,1,2,1,1,5,7,4,767
23,1,2,1,1,5,8,4,1030
23,1,2,1,1,5,9,4,495
23,1,2,1,2,4,10,4,99
23,1,2,1,2,4,2,4,0
23,1,2,1,2,4,3,4,0
23,1,2,1,2,4,4,4,6
23,1,2,1,2,4,5,4,88
23,1,2,1,2,4,6,4,718
23,1,2,1,2,4,7,4,1693
23,1,2,1,2,4,8,4,1894
23,1,2,1,2,4,9,4,803
23,1,2,1,3,3,10,4,111
23,1,2,1,3,3,2,4,0
23,1,2,1,3,3,3,4,0
23,1,2,1,3,3,4,4,12
23,1,2,1,3,3,5,4,120
23,1,2,1,3,3,6,4,963
23,1,2,1,3,3,7,4,2146
23,1,2,1,3,3,8,4,2269
23,1,2,1,3,3,9,4,923
23,1,2,2,2,3,10,4,132
23,1,2,2,2,3,2,4,0
23,1,2,2,2,3,3,4,0
23,1,2,2,2,3,4,4,31
23,1,2,2,2,3,5,4,213
23,1,2,2,2,3,6,4,1499
23,1,2,2,2,3,7,4,3103
23,1,2,2,2,3,8,4,3089
23,1,2,2,2,3,9,4,1179
23,1,4,0,0,4,2,4,0
23,1,4,0,0,4,3,4,0
23,1,4,0,0,4,4,4,6
23,1,4,0,0,4,5,4,26
23,1,4,0,0,4,6,4,55
23,1,4,0,0,4,7,4,35
23,1,4,0,0,4,8,4,7
23,1,4,0,0,4,9,4,0
23,1,4,0,1,3,2,4,0
23,1,4,0,1,3,3,4,1
23,1,4,0,1,3,4,4,39
23,1,4,0,1,3,5,4,92
23,1,4,0,1,3,6,4,160
23,1,4,0,1,3,7,4,97
23,1,4,0,1,3,8,4,19
23,1,4,0,1,3,9,4,0
23,1,4,0,2,2,2,4,0
23,1,4,0,2,2,3,4,1
23,1,4,0,2,2,4,4,64
23,1,4,0,2,2,5,4,126
23,1,4,0,2,2,6,4,222
23,1,4,0,2,2,7,4,128
23,1,4,0,2,2,8,4,24
23,1,4,0,2,2,9,4,0
23,1,4,1,1,2,2,4,1
23,1,4,1,1,2,3,4,4
23,1,4,1,1,2,4,4,149
23,1,4,1,1,2,5,4,240
23,1,4,1,1,2,6,4,401
23,1,4,1,1,2,7,4,221
23,1,4,1,1,2,8,4,43
23,1,4,1,1,2,9,4,0
23,1,6,0,0,1,2,4,2
23,1,6,0,0,1,3,4,1
23,1,6,0,0,1,4,4,5
23,1,6,0,0,1,5,4,0
23,1,6,0,0,1,6,4,0
23,1,6,0,0,1,7,4,0
23,1,6,0,0,1,8,4,0
23,2,3,0,0,4,2,4,0
23,2,3,0,0,4,3,4,0
23,2,3,0,0,4,4,4,7
23,2,3,0,0,4,5,4,34
23,2,3,0,0,4,6,4,88
23,2,3,0,0,4,7,4,78
23,2,3,0,0,4,8,4,29
23,2,3,0,0,4,9,4,2
23,2,3,0,1,3,2,4,0
23,2,3,0,1,3,3,4,1
23,2,3,0,1,3,4,4,49
23,2,3,0,1,3,5,4,130
23,2,3,0,1,3,6,4,284
23,2,3,0,1,3,7,4,229
23,2,3,0,1,3,8,4,72
23,2,3,0,1,3,9,4,4
23,2,3,0,2,2,2,4,0
23,2,3,0,2,2,3,4,1
23,2,3,0,2,2,4,4,83
23,2,3,0,2,2,5,4,182
23,2,3,0,2,2,6,4,401
23,2,3,0,2,2,7,4,305
23,2,3,0,2,2,8,4,91
23,2,3,0,2,2,9,4,5
23,2,3,1,1,2,2,4,1
23,2,3,1,1,2,3,4,4
23,2,3,1,1,2,4,4,199
23,2,3,1,1,2,5,4,362
23,2,3,1,1,2,6,4,757
23,2,3,1,1,2,7,4,543
23,2,3,1,1,2,8,4,155
23,2,3,1,1,2,9,4,7
23,2,5,0,0,1,2,4,2
23,2,5,0,0,1,3,4,1
23,2,5,0,0,1,4,4,13
23,2,5,0,0,1,5,4,4
23,2,5,0,0,1,6,4,4
23,2,5,0,0,1,7,4,0
23,2,5,0,0,1,8,4,0
23,3,4,0,0,1,2,4,2
23,3,4,0,0,1,3,4,1
23,3,4,0,0,1,4,4,17
23,3,4,0,0,1,5,4,6
23,3,4,0,0,1,6,4,9
23,3,4,0,0,1,7,4,1
23,3,4,0,0,1,8,4,0
24,0,0,0,0,12,10,4,0
24,0,0,0,0,12,11,4,0
24,0,0,0,0,12,12,4,7
24,0,0,0,0,12,2,4,0
24,0,0,0,0,12,3,4,0
24,0,0,0,0,12,4,4,0
24,0,0,0,0,12,5,4,0
24,0,0,0,0,12,6,4,0
24,0,0,0,0,12,7,4,0
24,0,0,0,0,12,8,4,0
24,0,0,0,0,12,9,4,0
24,0,0,0,1,11,10,4,0
24,0,0,0,1,11,11,4,9
24,0,0,0,1,11,12,4,12
24,0,0,0,1,11,2,4,0
24,0,0,0,1,11,3,4,0
24,0,0,0,1,11,4,4,0
24,0,0,0,1,11,5,4,0
24,0,0,0,1,11,6,4,0
24,0,0,0,1,11,7,4,0
24,0,0,0,1,11,8,4,0
24,0,0,0,1,11,9,4,0
24,0,0,0,2,10,10,4,4
24,0,0,0,2,10,11,4,21
24,0,0,0,2,10,12,4,21
24,0,0,0,2,10,2,4,0
24,0,0,0,2,10,3,4,0
24,0,0,0,2,10,4,4,0
24,0,0,0,2,10,5,4,0
24,0,0,0,2,10,6,4,0
24,0,0,0,2,10,7,4,0
24,0,0,0,2,10,8,4,0
24,0,0,0,2,10,9,4,0
24,0,0,0,3,9,10,4,12
24,0,0,0,3,9,11,4,35
24,0,0,0,3,9,12,4,27
24,0,0,0,3,9,2,4,0
24,0,0,0,3,9,3,4,0
24,0,0,0,3,9,4,4,0
24,0,0,0,3,9,5,4,0
24,0,0,0,3,9,6,4,0
24,0,0,0,3,9,7,4,0
24,0,0,0,3,9,8,4,0
24,0,0,0,3,9,9,4,1
24,0,0,0,4,8,10,4,18
24,0,0,0,4,8,11,4,46
24,0,0,0,4,8,12,4,34
24,0,0,0,4,8,2,4,0
24,0,0,0,4,8,3,4,0
24,0,0,0,4,8,4,4,0
24,0,0,0,4,8,5,4,0
24,0,0,0,4,8,6,4,0
24,0,0,0,4,8,7,4,0
24,0,0,0,4,8,8,4,0
24,0,0,0,4,8,9,4,2
24,0,0,0,5,7,10,4,24
24,0,0,0,5,7,11,4,54
24,0,0,0,5,7,12,4,36
24,0,0,0,5,7,2,4,0
24,0,0,0,5,7,3,4,0
24,0,0,0,5,7,4,4,0
24,0,0,0,5,7,5,4,0
24,0,0,0,5,7,6,4,0
24,0,0,0,5,7,7,4,0
24,0,0,0,5,7,8,4,0
24,0,0,0,5,7,9,4,3
24,0,0,0,6,6,10,4,25
24,0,0,0,6,6,11,4,56
24,0,0,0,6,6,12,4,39
24,0,0,0,6,6,2,4,0
24,0,0,0,6,6,3,4,0
24,0,0,0,6,6,4,4,0
24,0,0,0,6,6,5,4,0
24,0,0,0,6,6,6,4,0
24,0,0,0,6,6,7,4,0
24,0,0,0,6,6,8,4,0
24,0,0,0,6,6,9,4,4
24,0,0,1,1,10,10,4,23
24,0,0,1,1,10,11,4,46
24,0,0,1,1,10,12,4,27
24,0,0,1,1,10,2,4,0
24,0,0,1,1,10,3,4,0
24,0,0,1,1,10,4,4,0
24,0,0,1,1,10,5,4,0
24,0,0,1,1,10,6,4,0
24,0,0,1,1,10,7,4,0
24,0,0,1,1,10,8,4,0
24,0,0,1,1,10,9,4,0
24,0,0,1,2,9,10,4,72
24,0,0,1,2,9,11,4,98
24,0,0,1,2,9,12,4,45
24,0,0,1,2,9,2,4,0
24,0,0,1,2,9,3,4,0
24,0,0,1,2,9,4,4,0
24,0,0,1,2,9,5,4,0
24,0,0,1,2,9,6,4,0
24,0,0,1,2,9,7,4,0
24,0,0,1,2,9,8,4,0
24,0,0,1,2,9,9,4,14
24,0,0,1,3,8,10,4,136
24,0,0,1,3,8,11,4,151
24,0,0,1,3,8,12,4,60
24,0,0,1,3,8,2,4,0
24,0,0,1,3,8,3,4,0
24,0,0,1,3,8,4,4,0
24,0,0,1,3,8,5,4,0
24,0,0,1,3,8,6,4,0
24,0,0,1,3,8,7,4,0
24,0,0,1,3,8,8,4,2
24,0,0,1,3,8,9,4,41
24,0,0,1,4,7,10,4,190
24,0,0,1,4,7,11,4,192
24,0,0,1,4,7,12,4,72
24,0,0,1,4,7,2,4,0
24,0,0,1,4,7,3,4,0
24,0,0,1,4,7,4,4,0
24,0,0,1,4,7,5,4,0
24,0,0,1,4,7,6,4,0
24,0,0,1,4,7,7,4,0
24,0,0,1,4,7,8,4,7
24,0,0,1,4,7,9,4,71
24,0,0,1,5,6,10,4,222
24,0,0,1,5,6,11,4,214
24,0,0,1,5,6,12,4,78
24,0,0,1,5,6,2,4,0
24,0,0,1,5,6,3,4,0
24,0,0,1,5,6,4,4,0
24,0,0,1,5,6,5,4,0
24,0,0,1,5,6,6,4,0
24,0,0,1,5,6,7,4,0
24,0,0,1,5,6,8,4,10
24,0,0,1,5,6,9,4,90
24,0,0,2,2,8,10,4,201
24,0,0,2,2,8,11,4,199
24,0,0,2,2,8,12,4,75
24,0,0,2,2,8,2,4,0
24,0,0,2,2,8,3,4,0
24,0,0,2,2,8,4,4,0
24,0,0,2,2,8,5,4,0
24,0,0,2,2,8,6,4,0
24,0,0,2,2,8,7,4,0
24,0,0,2,2,8,8,4,13
24,0,0,2,2,8,9,4,82
24,0,0,2,3,7,10,4,359
24,0,0,2,3,7,11,4,295
24,0,0,2,3,7,12,4,96
24,0,0,2,3,7,2,4,0
24,0,0,2,3,7,3,4,0
24,0,0,2,3,7,4,4,0
24,0,0,2,3,7,5,4,0
24,0,0,2,3,7,6,4,0
24,0,0,2,3,7,7,4,2
24,0,0,2,3,7,8,4,40
24,0,0,2,3,7,9,4,188
24,0,0,2,4,6,10,4,470
24,0,0,2,4,6,11,4,360
24,0,0,2,4,6,12,4,114
24,0,0,2,4,6,2,4,0
24,0,0,2,4,6,3,4,0
24,0,0,2,4,6,4,4,0
24,0,0,2,4,6,5,4,0
24,0,0,2,4,6,6,4,0
24,0,0,2,4,6,7,4,5
24,0,0,2,4,6,8,4,76
24,0,0,2,4,6,9,4,287
24,0,0,2,5,5,10,4,518
24,0,0,2,5,5,11,4,384
24,0,0,2,5,5,12,4,117
24,0,0,2,5,5,2,4,0
24,0,0,2,5,5,3,4,0
24,0,0,2,5,5,4,4,0
24,0,0,2,5,5,5,4,0
24,0,0,2,5,5,6,4,0
24,0,0,2,5,5,7,4,7
24,0,0,2,5,5,8,4,88
24,0,0,2,5,5,9,4,324
24,0,0,3,3,6,10,4,594
24,0,0,3,3,6,11,4,419
24,0,0,3,3,6,12,4,123
24,0,0,3,3,6,2,4,0
24,0,0,3,3,6,3,4,0
24,0,0,3,3,6,4,4,0
24,0,0,3,3,6,5,4,0
24,0,0,3,3,6,6,4,1
24,0,0,3,3,6,7,4,10
24,0,0,3,3,6,8,4,110
24,0,0,3,3,6,9,4,390
24,0,0,3,4,5,10,4,734
24,0,0,3,4,5,11,4,489
24,0,0,3,4,5,12,4,138
24,0,0,3,4,5,2,4,0
24,0,0,3,4,5,3,4,0
24,0,0,3,4,5,4,4,0
24,0,0,3,4,5,5,4,0
24,0,0,3,4,5,6,4,1
24,0,0,3,4,5,7,4,19
24,0,0,3,4,5,8,4,174
24,0,0,3,4,5,9,4,532
24,0,0,4,4,4,10,4,826
24,0,0,4,4,4,11,4,535
24,0,0,4,4,4,12,4,151
24,0,0,4,4,4,2,4,0
24,0,0,4,4,4,3,4,0
24,0,0,4,4,4,4,4,0
24,0,0,4,4,4,5,4,0
24,0,0,4,4,4,6,4,1
24,0,0,4,4,4,7,4,27
24,0,0,4,4,4,8,4,232
24,0,0,4,4,4,9,4,643
24,0,2,0,0,9,10,4,23
24,0,2,0,0,9,11,4,6
24,0,2,0,0,9,2,4,0
24,0,2,0,0,9,3,4,0
24,0,2,0,0,9,4,4,0
24,0,2,0,0,9,5,4,0
24,0,2,0,0,9,6,4,0
24,0,2,0,0,9,7,4,0
24,0,2,0,0,9,8,4,0
24,0,2,0,0,9,9,4,12
24,0,2,0,1,8,10,4,72
24,0,2,0,1,8,11,4,16
24,0,2,0,1,8,2,4,0
24,0,2,0,1,8,3,4,0
24,0,2,0,1,8,4,4,0
24,0,2,0,1,8,5,4,0
24,0,2,0,1,8,6,4,0
24,0,2,0,1,8,7,4,0
24,0,2,0,1,8,8,4,27
24,0,2,0,1,8,9,4,76
24,0,2,0,2,7,10,4,136
24,0,2,0,2,7,11,4,26
24,0,2,0,2,7,2,4,0
24,0,2,0,2,7,3,4,0
24,0,2,0,2,7,4,4,0
24,0,2,0,2,7,5,4,0
24,0,2,0,2,7,6,4,0
24,0,2,0,2,7,7,4,11
24,0,2,0,2,7,8,4,96
24,0,2,0,2,7,9,4,185
24,0,2,0,3,6,10,4,190
24,0,2,0,3,6,11,4,34
24,0,2,0,3,6,2,4,0
24,0,2,0,3,6,3,4,0
24,0,2,0,3,6,4,4,0
24,0,2,0,3,6,5,4,0
24,0,2,0,3,6,6,4,0
24,0,2,0,3,6,7,4,35
24,0,2,0,3,6,8,4,187
24,0,2,0,3,6,9,4,297
24,0,2,0,4,5,10,4,222
24,0,2,0,4,5,11,4,38
24,0,2,0,4,5,2,4,0
24,0,2,0,4,5,3,4,0
24,0,2,0,4,5,4,4,0
24,0,2,0,4,5,5,4,0
24,0,2,0,4,5,6,4,2
24,0,2,0,4,5,7,4,56
24,0,2,0,4,5,8,4,247
24,0,2,0,4,5,9,4,366
24,0,2,1,1,7,10,4,229
24,0,2,1,1,7,11,4,40
24,0,2,1,1,7,2,4,0
24,0,2,1,1,7,3,4,0
24,0,2,1,1,7,4,4,0
24,0,2,1,1,7,5,4,0
24,0,2,1,1,7,6,4,0
24,0,2,1,1,7,7,4,40
24,0,2,1,1,7,8,4,237
24,0,2,1,1,7,9,4,367
24,0,2,1,2,6,10,4,416
24,0,2,1,2,6,11,4,62
24,0,2,1,2,6,2,4,0
24,0,2,1,2,6,3,4,0
24,0,2,1,2,6,4,4,0
24,0,2,1,2,6,5,4,0
24,0,2,1,2,6,6,4,17
24,0,2,1,2,6,7,4,183
24,0,2,1,2,6,8,4,659
24,0,2,1,2,6,9,4,809
24,0,2,1,3,5,10,4,554
24,0,2,1,3,5,11,4,78
24,0,2,1,3,5,2,4,0
24,0,2,1,3,5,3,4,0
24,0,2,1,3,5,4,4,0
24,0,2,1,3,5,5,4,0
24,0,2,1,3,5,6,4,49
24,0,2,1,3,5,7,4,382
24,0,2,1,3,5,8,4,1095
24,0,2,1,3,5,9,4,1200
24,0,2,1,4,4,10,4,608
24,0,2,1,4,4,11,4,83
24,0,2,1,4,4,2,4,0
24,0,2,1,4,4,3,4,0
24,0,2,1,4,4,4,4,0
24,0,2,1,4,4,5,4,0
24,0,2,1,4,4,6,4,69
24,0,2,1,4,4,7,4,475
24,0,2,1,4,4,8,4,1277
24,0,2,1,4,4,9,4,1353
24,0,2,2,2,5,10,4,713
24,0,2,2,2,5,11,4,93
24,0,2,2,2,5,2,4,0
24,0,2,2,2,5,3,4,0
24,0,2,2,2,5,4,4,0
24,0,2,2,2,5,5,4,3
24,0,2,2,2,5,6,4,107
24,0,2,2,2,5,7,4,625
24,0,2,2,2,5,8,4,1616
24,0,2,2,2,5,9,4,1652
24,0,2,2,3,4,10,4,892
24,0,2,2,3,4,11,4,111
24,0,2,2,3,4,2,4,0
24,0,2,2,3,4,3,4,0
24,0,2,2,3,4,4,4,0
24,0,2,2,3,4,5,4,6
24,0,2,2,3,4,6,4,212
24,0,2,2,3,4,7,4,1050
24,0,2,2,3,4,8,4,2386
24,0,2,2,3,4,9,4,2238
24,0,2,3,3,3,10,4,1019
24,0,2,3,3,3,11,4,124
24,0,2,3,3,3,2,4,0
24,0,2,3,3,3,3,4,0
24,0,2,3,3,3,4,4,0
24,0,2,3,3,3,5,4,9
24,0,2,3,3,3,6,4,311
24,0,2,3,3,3,7,4,1417
24,0,2,3,3,3,8,4,3021
24,0,2,3,3,3,9,4,2686
24,0,4,0,0,6,10,4,0
24,0,4,0,0,6,2,4,0
24,0,4,0,0,6,3,4,0
24,0,4,0,0,6,4,4,0
24,0,4,0,0,6,5,4,0
24,0,4,0,0,6,6,4,12
24,0,4,0,0,6,7,4,24
24,0,4,0,0,6,8,4,19
24,0,4,0,0,6,9,4,4
24,0,4,0,1,5,10,4,0
24,0,4,0,1,5,2,4,0
24,0,4,0,1,5,3,4,0
24,0,4,0,1,5,4,4,0
24,0,4,0,1,5,5,4,10
24,0,4,0,1,5,6,4,63
24,0,4,0,1,5,7,4,92
24,0,4,0,1,5,8,4,65
24,0,4,0,1,5,9,4,13
24,0,4,0,2,4,10,4,0
24,0,4,0,2,4,2,4,0
24,0,4,0,2,4,3,4,0
24,0,4,0,2,4,4,4,2
24,0,4,0,2,4,5,4,28
24,0,4,0,2,4,6,4,135
24,0,4,0,2,4,7,4,183
24,0,4,0,2,4,8,4,110
24,0,4,0,2,4,9,4,22
24,0,4,0,3,3,10,4,0
24,0,4,0,3,3,2,4,0
24,0,4,0,3,3,3,4,0
24,0,4,0,3,3,4,4,5
24,0,4,0,3,3,5,4,37
24,0,4,0,3,3,6,4,169
24,0,4,0,3,3,7,4,223
24,0,4,0,3,3,8,4,132
24,0,4,0,3,3,9,4,26
24,0,4,1,1,4,10,4,0
24,0,4,1,1,4,2,4,0
24,0,4,1,1,4,3,4,0
24,0,4,1,1,4,4,4,11
24,0,4,1,1,4,5,4,72
24,0,4,1,1,4,6,4,268
24,0,4,1,1,4,7,4,331
24,0,4,1,1,4,8,4,194
24,0,4,1,1,4,9,4,37
24,0,4,1,2,3,10,4,0
24,0,4,1,2,3,2,4,0
24,0,4,1,2,3,3,4,0
24,0,4,1,2,3,4,4,34
24,0,4,1,2,3,5,4,139
24,0,4,1,2,3,6,4,485
24,0,4,1,2,3,7,4,559
24,0,4,1,2,3,8,4,303
24,0,4,1,2,3,9,4,55
24,0,4,2,2,2,10,4,0
24,0,4,2,2,2,2,4,0
24,0,4,2,2,2,3,4,0
24,0,4,2,2,2,4,4,61
24,0,4,2,2,2,5,4,204
24,0,4,2,2,2,6,4,701
24,0,4,2,2,2,7,4,769
24,0,4,2,2,2,8,4,400
24,0,4,2,2,2,9,4,69
24,0,6,0,0,3,2,4,0
24,0,6,0,0,3,3,4,1
24,0,6,0,0,3,4,4,7
24,0,6,0,0,3,5,4,5
24,0,6,0,0,3,6,4,1
24,0,6,0,0,3,7,4,0
24,0,6,0,0,3,8,4,0
24,0,6,0,0,3,9,4,0
24,0,6,0,1,2,2,4,1
24,0,6,0,1,2,3,4,2
24,0,6,0,1,2,4,4,18
24,0,6,0,1,2,5,4,10
24,0,6,0,1,2,6,4,4
24,0,6,0,1,2,7,4,0
24,0,6,0,1,2,8,4,0
24,0,6,0,1,2,9,4,0
24,0,6,1,1,1,2,4,3
24,0,6,1,1,1,3,4,3
24,0,6,1,1,1,4,4,34
24,0,6,1,1,1,5,4,15
24,0,6,1,1,1,6,4,10
24,0,6,1,1,1,7,4,0
24,0,6,1,1,1,8,4,0
24,0,6,1,1,1,9,4,0
24,0,8,0,0,0,2,4,0
24,0,8,0,0,0,3,4,0
24,0,8,0,0,0,4,4,0
24,0,8,0,0,0,5,4,0
24,0,8,0,0,0,6,4,0
24,0,8,0,0,0,7,4,0
24,0,8,0,0,0,8,4,0
24,1,1,0,0,9,10,4,42
24,1,1,0,0,9,11,4,21
24,1,1,0,0,9,2,4,0
24,1,1,0,0,9,3,4,0
24,1,1,0,0,9,4,4,0
24,1,1,0,0,9,5,4,0
24,1,1,0,0,9,6,4,0
24,1,1,0,0,9,7,4,0
24,1,1,0,0,9,8,4,0
24,1,1,0,0,9,9,4,16
24,1,1,0,1,8,10,4,155
24,1,1,0,1,8,11,4,51
24,1,1,0,1,8,2,4,0
24,1,1,0,1,8,3,4,0
24,1,1,0,1,8,4,4,0
24,1,1,0,1,8,5,4,0
24,1,1,0,1,8,6,4,0
24,1,1,0,1,8,7,4,0
24,1,1,0,1,8,8,4,37
24,1,1,0,1,8,9,4,129
24,1,1,0,2,7,10,4,296
24,1,1,0,2,7,11,4,82
24,1,1,0,2,7,2,4,0
24,1,1,0,2,7,3,4,0
24,1,1,0,2,7,4,4,0
24,1,1,0,2,7,5,4,0
24,1,1,0,2,7,6,4,0
24,1,1,0,2,7,7,4,17
24,1,1,0,2,7,8,4,153
24,1,1,0,2,7,9,4,333
24,1,1,0,3,6,10,4,418
24,1,1,0,3,6,11,4,106
24,1,1,0,3,6,2,4,0
24,1,1,0,3,6,3,4,0
24,1,1,0,3,6,4,4,0
24,1,1,0,3,6,5,4,0
24,1,1,0,3,6,6,4,1
24,1,1,0,3,6,7,4,55
24,1,1,0,3,6,8,4,308
24,1,1,0,3,6,9,4,548
24,1,1,0,4,5,10,4,488
24,1,1,0,4,5,11,4,119
24,1,1,0,4,5,2,4,0
24,1,1,0,4,5,3,4,0
24,1,1,0,4,5,4,4,0
24,1,1,0,4,5,5,4,0
24,1,1,0,4,5,6,4,4
24,1,1,0,4,5,7,4,90
24,1,1,0,4,5,8,4,415
24,1,1,0,4,5,9,4,680
24,1,1,1,1,7,10,4,525
24,1,1,1,1,7,11,4,122
24,1,1,1,1,7,2,4,0
24,1,1,1,1,7,3,4,0
24,1,1,1,1,7,4,4,0
24,1,1,1,1,7,5,4,0
24,1,1,1,1,7,6,4,0
24,1,1,1,1,7,7,4,57
24,1,1,1,1,7,8,4,390
24,1,1,1,1,7,9,4,700
24,1,1,1,2,6,10,4,958
24,1,1,1,2,6,11,4,190
24,1,1,1,2,6,2,4,0
24,1,1,1,2,6,3,4,0
24,1,1,1,2,6,4,4,0
24,1,1,1,2,6,5,4,0
24,1,1,1,2,6,6,4,25
24,1,1,1,2,6,7,4,294
24,1,1,1,2,6,8,4,1158
24,1,1,1,2,6,9,4,1592
24,1,1,1,3,5,10,4,1283
24,1,1,1,3,5,11,4,237
24,1,1,1,3,5,2,4,0
24,1,1,1,3,5,3,4,0
24,1,1,1,3,5,4,4,0
24,1,1,1,3,5,5,4,0
24,1,1,1,3,5,6,4,75
24,1,1,1,3,5,7,4,631
24,1,1,1,3,5,8,4,1970
24,1,1,1,3,5,9,4,2392
24,1,1,1,4,4,10,4,1405
24,1,1,1,4,4,11,4,254
24,1,1,1,4,4,2,4,0
24,1,1,1,4,4,3,4,0
24,1,1,1,4,4,4,4,0
24,1,1,1,4,4,5,4,0
24,1,1,1,4,4,6,4,107
24,1,1,1,4,4,7,4,795
24,1,1,1,4,4,8,4,2316
24,1,1,1,4,4,9,4,2702
24,1,1,2,2,5,10,4,1653
24,1,1,2,2,5,11,4,285
24,1,1,2,2,5,2,4,0
24,1,1,2,2,5,3,4,0
24,1,1,2,2,5,4,4,0
24,1,1,2,2,5,5,4,4
24,1,1,2,2,5,6,4,167
24,1,1,2,2,5,7,4,1066
24,1,1,2,2,5,8,4,2974
24,1,1,2,2,5,9,4,3330
24,1,1,2,3,4,10,4,2076
24,1,1,2,3,4,11,4,339
24,1,1,2,3,4,2,4,0
24,1,1,2,3,4,3,4,0
24,1,1,2,3,4,4,4,0
24,1,1,2,3,4,5,4,8
24,1,1,2,3,4,6,4,340
24,1,1,2,3,4,7,4,1821
24,1,1,2,3,4,8,4,4456
24,1,1,2,3,4,9,4,4552
24,1,1,3,3,3,10,4,2383
24,1,1,3,3,3,11,4,376
24,1,1,3,3,3,2,4,0
24,1,1,3,3,3,3,4,0
24,1,1,3,3,3,4,4,0
24,1,1,3,3,3,5,4,12
24,1,1,3,3,3,6,4,505
24,1,1,3,3,3,7,4,2474
24,1,1,3,3,3,8,4,5685
24,1,1,3,3,3,9,4,5502
24,1,3,0,0,6,10,4,2
24,1,3,0,0,6,2,4,0
24,1,3,0,0,6,3,4,0
24,1,3,0,0,6,4,4,0
24,1,3,0,0,6,5,4,0
24,1,3,0,0,6,6,4,18
24,1,3,0,0,6,7,4,63
24,1,3,0,0,6,8,4,96
24,1,3,0,0,6,9,4,41
24,1,3,0,1,5,10,4,7
24,1,3,0,1,5,2,4,0
24,1,3,0,1,5,3,4,0
24,1,3,0,1,5,4,4,0
24,1,3,0,1,5,5,4,16
24,1,3,0,1,5,6,4,141
24,1,3,0,1,5,7,4,306
24,1,3,0,1,5,8,4,328
24,1,3,0,1,5,9,4,116
24,1,3,0,2,4,10,4,9
24,1,3,0,2,4,2,4,0
24,1,3,0,2,4,3,4,0
24,1,3,0,2,4,4,4,4
24,1,3,0,2,4,5,4,52
24,1,3,0,2,4,6,4,334
24,1,3,0,2,4,7,4,641
24,1,3,0,2,4,8,4,585
24,1,3,0,2,4,9,4,188
24,1,3,0,3,3,10,4,11
24,1,3,0,3,3,2,4,0
24,1,3,0,3,3,3,4,0
24,1,3,0,3,3,4,4,8
24,1,3,0,3,3,5,4,70
24,1,3,0,3,3,6,4,439
24,1,3,0,3,3,7,4,800
24,1,3,0,3,3,8,4,692
24,1,3,0,3,3,9,4,216
24,1,3,1,1,4,10,4,16
24,1,3,1,1,4,2,4,0
24,1,3,1,1,4,3,4,0
24,1,3,1,1,4,4,4,17
24,1,3,1,1,4,5,4,144
24,1,3,1,1,4,6,4,736
24,1,3,1,1,4,7,4,1243
24,1,3,1,1,4,8,4,1035
24,1,3,1,1,4,9,4,310
24,1,3,1,2,3,10,4,21
24,1,3,1,2,3,2,4,0
24,1,3,1,2,3,3,4,0
24,1,3,1,2,3,4,4,61
24,1,3,1,2,3,5,4,300
24,1,3,1,2,3,6,4,1415
24,1,3,1,2,3,7,4,2177
24,1,3,1,2,3,8,4,1646
24,1,3,1,2,3,9,4,452
24,1,3,2,2,2,10,4,24
24,1,3,2,2,2,2,4,0
24,1,3,2,2,2,3,4,0
24,1,3,2,2,2,4,4,120
24,1,3,2,2,2,5,4,463
24,1,3,2,2,2,6,4,2096
24,1,3,2,2,2,7,4,3053
24,1,3,2,2,2,8,4,2211
24,1,3,2,2,2,9,4,571
24,1,5,0,0,3,2,4,0
24,1,5,0,0,3,3,4,1
24,1,5,0,0,3,4,4,18
24,1,5,0,0,3,5,4,28
24,1,5,0,0,3,6,4,27
24,1,5,0,0,3,7,4,8
24,1,5,0,0,3,8,4,0
24,1,5,0,0,3,9,4,0
24,1,5,0,1,2,2,4,1
24,1,5,0,1,2,3,4,3
24,1,5,0,1,2,4,4,58
24,1,5,0,1,2,5,4,63
24,1,5,0,1,2,6,4,66
24,1,5,0,1,2,7,4,19
24,1,5,0,1,2,8,4,1
24,1,5,0,1,2,9,4,0
24,1,5,1,1,1,2,4,4
24,1,5,1,1,1,3,4,6
24,1,5,1,1,1,4,4,120
24,1,5,1,1,1,5,4,106
24,1,5,1,1,1,6,4,121
24,1,5,1,1,1,7,4,33
24,1,5,1,1,1,8,4,3
24,1,5,1,1,1,9,4,0
24,1,7,0,0,0,2,4,1
24,1,7,0,0,0,3,4,0
24,1,7,0,0,0,4,4,0
24,1,7,0,0,0,5,4,0
24,1,7,0,0,0,6,4,0
24,1,7,0,0,0,7,4,0
24,1,7,0,0,0,8,4,0
24,2,2,0,0,6,10,4,12
24,2,2,0,0,6,2,4,0
24,2,2,0,0,6,3,4,0
24,2,2,0,0,6,4,4,0
24,2,2,0,0,6,5,4,0
24,2,2,0,0,6,6,4,22
24,2,2,0,0,6,7,4,79
24,2,2,0,0,6,8,4,128
24,2,2,0,0,6,9,4,69
24,2,2,0,1,5,10,4,25
24,2,2,0,1,5,2,4,0
24,2,2,0,1,5,3,4,0
24,2,2,0,1,5,4,4,0
24,2,2,0,1,5,5,4,18
24,2,2,0,1,5,6,4,172
24,2,2,0,1,5,7,4,408
24,2,2,0,1,5,8,4,483
24,2,2,0,1,5,9,4,204
24,2,2,0,2,4,10,4,36
24,2,2,0,2,4,2,4,0
24,2,2,0,2,4,3,4,0
24,2,2,0,2,4,4,4,4
24,2,2,0,2,4,5,4,60
24,2,2,0,2,4,6,4,426
24,2,2,0,2,4,7,4,881
24,2,2,0,2,4,8,4,872
24,2,2,0,2,4,9,4,330
24,2,2,0,3,3,10,4,39
24,2,2,0,3,3,2,4,0
24,2,2,0,3,3,3,4,0
24,2,2,0,3,3,4,4,9
24,2,2,0,3,3,5,4,81
24,2,2,0,3,3,6,4,560
24,2,2,0,3,3,7,4,1106
24,2,2,0,3,3,8,4,1047
24,2,2,0,3,3,9,4,380
24,2,2,1,1,4,10,4,52
24,2,2,1,1,4,2,4,0
24,2,2,1,1,4,3,4,0
24,2,2,1,1,4,4,4,19
24,2,2,1,1,4,5,4,168
24,2,2,1,1,4,6,4,941
24,2,2,1,1,4,7,4,1744
24,2,2,1,1,4,8,4,1604
24,2,2,1,1,4,9,4,557
24,2,2,1,2,3,10,4,69
24,2,2,1,2,3,2,4,0
24,2,2,1,2,3,3,4,0
24,2,2,1,2,3,4,4,70
24,2,2,1,2,3,5,4,357
24,2,2,1,2,3,6,4,1854
24,2,2,1,2,3,7,4,3109
24,2,2,1,2,3,8,4,2580
24,2,2,1,2,3,9,4,814
24,2,2,2,2,2,10,4,84
24,2,2,2,2,2,2,4,0
24,2,2,2,2,2,3,4,0
24,2,2,2,2,2,4,4,138
24,2,2,2,2,2,5,4,559
24,2,2,2,2,2,6,4,2793
24,2,2,2,2,2,7,4,4407
24,2,2,2,2,2,8,4,3471
24,2,2,2,2,2,9,4,1031
24,2,4,0,0,3,2,4,0
24,2,4,0,0,3,3,4,1
24,2,4,0,0,3,4,4,24
24,2,4,0,0,3,5,4,46
24,2,4,0,0,3,6,4,69
24,2,4,0,0,3,7,4,41
24,2,4,0,0,3,8,4,9
24,2,4,0,0,3,9,4,0
24,2,4,0,1,2,2,4,1
24,2,4,0,1,2,3,4,3
24,2,4,0,1,2,4,4,85
24,2,4,0,1,2,5,4,114
24,2,4,0,1,2,6,4,179
24,2,4,0,1,2,7,4,93
24,2,4,0,1,2,8,4,19
24,2,4,0,1,2,9,4,0
24,2,4,1,1,1,2,4,4
24,2,4,1,1,1,3,4,6
24,2,4,1,1,1,4,4,186
24,2,4,1,1,1,5,4,205
24,2,4,1,1,1,6,4,335
24,2,4,1,1,1,7,4,159
24,2,4,1,1,1,8,4,32
24,2,4,1,1,1,9,4,0
24,2,6,0,0,0,2,4,1
24,2,6,0,0,0,3,4,0
24,2,6,0,0,0,4,4,3
24,2,6,0,0,0,5,4,0
24,2,6,0,0,0,6,4,0
24,2,6,0,0,0,7,4,0
24,2,6,0,0,0,8,4,0
24,3,3,0,0,3,2,4,0
24,3,3,0,0,3,3,4,1
24,3,3,0,0,3,4,4,26
24,3,3,0,0,3,5,4,52
24,3,3,0,0,3,6,4,87
24,3,3,0,0,3,7,4,57
24,3,3,0,0,3,8,4,15
24,3,3,0,0,3,9,4,1
24,3,3,0,1,2,2,4,1
24,3,3,0,1,2,3,4,3
24,3,3,0,1,2,4,4,94
24,3,3,0,1,2,5,4,131
24,3,3,0,1,2,6,4,229
24,3,3,0,1,2,7,4,134
24,3,3,0,1,2,8,4,33
24,3,3,0,1,2,9,4,1
24,3,3,1,1,1,2,4,4
24,3,3,1,1,1,3,4,6
24,3,3,1,1,1,4,4,208
24,3,3,1,1,1,5,4,238
24,3,3,1,1,1,6,4,435
24,3,3,1,1,1,7,4,235
24,3,3,1,1,1,8,4,57
24,3,3,1,1,1,9,4,1
24,3,5,0,0,0,2,4,1
24,3,5,0,0,0,3,4,0
24,3,5,0,0,0,4,4,4
24,3,5,0,0,0,5,4,0
24,3,5,0,0,0,6,4,2
24,3,5,0,0,0,7,4,0
24,3,5,0,0,0,8,4,0
24,4,4,0,0,0,2,4,1
24,4,4,0,0,0,3,4,0
24,4,4,0,0,0,4,4,5
24,4,4,0,0,0,5,4,0
24,4,4,0,0,0,6,4,2
24,4,4,0,0,0,7,4,0
24,4,4,0,0,0,8,4,0
4,0,0,0,0,2,2,4,1
4,0,0,0,1,1,2,4,1
5,0,1,0,0,1,2,4,1
6,0,0,0,0,3,2,4,0
6,0,0,0,0,3,3,4,1
6,0,0,0,1,2,2,4,1
6,0,0,0,1,2,3,4,1
6,0,0,1,1,1,2,4,2
6,0,0,1,1,1,3,4,1
6,0,2,0,0,0,2,4,0
6,1,1,0,0,0,2,4,1
7,0,1,0,0,2,2,4,1
7,0,1,0,0,2,3,4,1
7,0,1,0,1,1,2,4,2
7,0,1,0,1,1,3,4,1
8,0,0,0,0,4,2,4,0
8,0,0,0,0,4,3,4,0
8,0,0,0,0,4,4,4,2
8,0,0,0,1,3,2,4,0
8,0,0,0,1,3,3,4,1
8,0,0,0,1,3,4,4,2
8,0,0,0,2,2,2,4,0
8,0,0,0,2,2,3,4,1
8,0,0,0,2,2,4,4,3
8,0,0,1,1,2,2,4,1
8,0,0,1,1,2,3,4,2
8,0,0,1,1,2,4,4,3
8,0,2,0,0,1,2,4,1
8,0,2,0,0,1,3,4,0
8,1,1,0,0,1,2,4,2
8,1,1,0,0,1,3,4,1
9,0,1,0,0,3,2,4,0
9,0,1,0,0,3,3,4,1
9,0,1,0,0,3,4,4,2
9,0,1,0,1,2,2,4,1
9,0,1,0,1,2,3,4,2
9,0,1,0,1,2,4,4,3
9,0,1,1,1,1,2,4,3
9,0,1,1,1,1,3,4,3
9,0,1,1,1,1,4,4,4
9,0,3,0,0,0,2,4,0
9,0,3,0,0,0,3,4,0
9,1,2,0,0,0,2,4,1
9,1,2,0,0,0,3,4,0
