10,0,0,0,0,10,10,4,5
10,0,0,0,0,10,2,4,0
10,0,0,0,0,10,3,4,0
10,0,0,0,0,10,4,4,0
10,0,0,0,0,10,5,4,0
10,0,0,0,0,10,6,4,0
10,0,0,0,0,10,7,4,0
10,0,0,0,0,10,8,4,0
10,0,0,0,0,10,9,4,0
10,0,0,0,1,9,10,4,9
10,0,0,0,1,9,2,4,0
10,0,0,0,1,9,3,4,0
10,0,0,0,1,9,4,4,0
10,0,0,0,1,9,5,4,0
10,0,0,0,1,9,6,4,0
10,0,0,0,1,9,7,4,0
10,0,0,0,1,9,8,4,0
10,0,0,0,1,9,9,4,6
10,0,0,0,2,8,10,4,15
10,0,0,0,2,8,2,4,0
10,0,0,0,2,8,3,4,0
10,0,0,0,2,8,4,4,0
10,0,0,0,2,8,5,4,0
10,0,0,0,2,8,6,4,0
10,0,0,0,2,8,7,4,0
10,0,0,0,2,8,8,4,2
10,0,0,0,2,8,9,4,14
10,0,0,0,3,7,10,4,18
10,0,0,0,3,7,2,4,0
10,0,0,0,3,7,3,4,0
10,0,0,0,3,7,4,4,0
10,0,0,0,3,7,5,4,0
10,0,0,0,3,7,6,4,0
10,0,0,0,3,7,7,4,0
10,0,0,0,3,7,8,4,7
10,0,0,0,3,7,9,4,22
10,0,0,0,4,6,10,4,22
10,0,0,0,4,6,2,4,0
10,0,0,0,4,6,3,4,0
10,0,0,0,4,6,4,4,0
10,0,0,0,4,6,5,4,0
10,0,0,0,4,6,6,4,0
10,0,0,0,4,6,7,4,1
10,0,0,0,4,6,8,4,9
10,0,0,0,4,6,9,4,27
10,0,0,0,5,5,10,4,22
10,0,0,0,5,5,2,4,0
10,0,0,0,5,5,3,4,0
10,0,0,0,5,5,4,4,0
10,0,0,0,5,5,5,4,0
10,0,0,0,5,5,6,4,0
10,0,0,0,5,5,7,4,1
10,0,0,0,5,5,8,4,11
10,0,0,0,5,5,9,4,29
10,0,1,0,0,8,2,4,0
10,0,1,0,0,8,3,4,0
10,0,1,0,0,8,4,4,0
10,0,1,0,0,8,5,4,0
10,0,1,0,0,8,6,4,0
10,0,1,0,0,8,7,4,0
10,0,1,0,0,8,8,4,6
10,0,1,0,0,8,9,4,6
10,0,1,0,1,7,2,4,0
10,0,1,0,1,7,3,4,0
10,0,1,0,1,7,4,4,0
10,0,1,0,1,7,5,4,0
10,0,1,0,1,7,6,4,0
10,0,1,0,1,7,7,4,9
10,0,1,0,1,7,8,4,26
10,0,1,0,1,7,9,4,14
10,0,1,0,2,6,2,4,0
10,0,1,0,2,6,3,4,0
10,0,1,0,2,6,4,4,0
10,0,1,0,2,6,5,4,0
10,0,1,0,2,6,6,4,4
10,0,1,0,2,6,7,4,26
10,0,1,0,2,6,8,4,49
10,0,1,0,2,6,9,4,22
10,0,1,0,3,5,2,4,0
10,0,1,0,3,5,3,4,0
10,0,1,0,3,5,4,4,0
10,0,1,0,3,5,5,4,0
10,0,1,0,3,5,6,4,9
10,0,1,0,3,5,7,4,45
10,0,1,0,3,5,8,4,67
10,0,1,0,3,5,9,4,27
10,0,1,0,4,4,2,4,0
10,0,1,0,4,4,3,4,0
10,0,1,0,4,4,4,4,0
10,0,1,0,4,4,5,4,0
10,0,1,0,4,4,6,4,12
10,0,1,0,4,4,7,4,52
10,0,1,0,4,4,8,4,73
10,0,1,0,4,4,9,4,29
10,0,2,0,0,6,2,4,0
10,0,2,0,0,6,3,4,0
10,0,2,0,0,6,4,4,0
10,0,2,0,0,6,5,4,0
10,0,2,0,0,6,6,4,7
10,0,2,0,0,6,7,4,9
10,0,2,0,0,6,8,4,2
10,0,2,0,1,5,2,4,0
10,0,2,0,1,5,3,4,0
10,0,2,0,1,5,4,4,0
10,0,2,0,1,5,5,4,6
10,0,2,0,1,5,6,4,29
10,0,2,0,1,5,7,4,26
10,0,2,0,1,5,8,4,7
10,0,2,0,2,4,2,4,0
10,0,2,0,2,4,3,4,0
10,0,2,0,2,4,4,4,1
10,0,2,0,2,4,5,4,16
10,0,2,0,2,4,6,4,55
10,0,2,0,2,4,7,4,45
10,0,2,0,2,4,8,4,9
10,0,2,0,3,3,2,4,0
10,0,2,0,3,3,3,4,0
10,0,2,0,3,3,4,4,3
10,0,2,0,3,3,5,4,21
10,0,2,0,3,3,6,4,65
10,0,2,0,3,3,7,4,52
10,0,2,0,3,3,8,4,11
10,0,3,0,0,4,2,4,0
10,0,3,0,0,4,3,4,0
10,0,3,0,0,4,4,4,3
10,0,3,0,0,4,5,4,6
10,0,3,0,0,4,6,4,4
10,0,3,0,0,4,7,4,0
10,0,3,0,1,3,2,4,0
10,0,3,0,1,3,3,4,1
10,0,3,0,1,3,4,4,12
10,0,3,0,1,3,5,4,16
10,0,3,0,1,3,6,4,9
10,0,3,0,1,3,7,4,1
10,0,3,0,2,2,2,4,0
10,0,3,0,2,2,3,4,1
10,0,3,0,2,2,4,4,18
10,0,3,0,2,2,5,4,21
10,0,3,0,2,2,6,4,12
10,0,3,0,2,2,7,4,1
10,0,4,0,0,2,2,4,1
10,0,4,0,0,2,3,4,1
10,0,4,0,0,2,4,4,1
10,0,4,0,0,2,5,4,0
10,0,4,0,0,2,6,4,0
10,0,4,0,1,1,2,4,2
10,0,4,0,1,1,3,4,1
10,0,4,0,1,1,4,4,3
10,0,4,0,1,1,5,4,0
10,0,4,0,1,1,6,4,0
10,0,5,0,0,0,2,4,0
10,0,5,0,0,0,3,4,0
10,0,5,0,0,0,4,4,0
10,0,5,0,0,0,5,4,0
11,0,0,0,0,11,10,4,0
11,0,0,0,0,11,11,4,4
11,0,0,0,0,11,2,4,0
11,0,0,0,0,11,3,4,0
11,0,0,0,0,11,4,4,0
11,0,0,0,0,11,5,4,0
11,0,0,0,0,11,6,4,0
11,0,0,0,0,11,7,4,0
11,0,0,0,0,11,8,4,0
11,0,0,0,0,11,9,4,0
11,0,0,0,1,10,10,4,9
11,0,0,0,1,10,11,4,9
11,0,0,0,1,10,2,4,0
11,0,0,0,1,10,3,4,0
11,0,0,0,1,10,4,4,0
11,0,0,0,1,10,5,4,0
11,0,0,0,1,10,6,4,0
11,0,0,0,1,10,7,4,0
11,0,0,0,1,10,8,4,0
11,0,0,0,1,10,9,4,0
11,0,0,0,2,9,10,4,19
11,0,0,0,2,9,11,4,15
11,0,0,0,2,9,2,4,0
11,0,0,0,2,9,3,4,0
11,0,0,0,2,9,4,4,0
11,0,0,0,2,9,5,4,0
11,0,0,0,2,9,6,4,0
11,0,0,0,2,9,7,4,0
11,0,0,0,2,9,8,4,0
11,0,0,0,2,9,9,4,4
11,0,0,0,3,8,10,4,30
11,0,0,0,3,8,11,4,20
11,0,0,0,3,8,2,4,0
11,0,0,0,3,8,3,4,0
11,0,0,0,3,8,4,4,0
11,0,0,0,3,8,5,4,0
11,0,0,0,3,8,6,4,0
11,0,0,0,3,8,7,4,0
11,0,0,0,3,8,8,4,0
11,0,0,0,3,8,9,4,10
11,0,0,0,4,7,10,4,38
11,0,0,0,4,7,11,4,24
11,0,0,0,4,7,2,4,0
11,0,0,0,4,7,3,4,0
11,0,0,0,4,7,4,4,0
11,0,0,0,4,7,5,4,0
11,0,0,0,4,7,6,4,0
11,0,0,0,4,7,7,4,0
11,0,0,0,4,7,8,4,1
11,0,0,0,4,7,9,4,15
11,0,0,0,5,6,10,4,43
11,0,0,0,5,6,11,4,26
11,0,0,0,5,6,2,4,0
11,0,0,0,5,6,3,4,0
11,0,0,0,5,6,4,4,0
11,0,0,0,5,6,5,4,0
11,0,0,0,5,6,6,4,0
11,0,0,0,5,6,7,4,0
11,0,0,0,5,6,8,4,1
11,0,0,0,5,6,9,4,18
11,0,1,0,0,9,10,4,9
11,0,1,0,0,9,2,4,0
11,0,1,0,0,9,3,4,0
11,0,1,0,0,9,4,4,0
11,0,1,0,0,9,5,4,0
11,0,1,0,0,9,6,4,0
11,0,1,0,0,9,7,4,0
11,0,1,0,0,9,8,4,0
11,0,1,0,0,9,9,4,6
11,0,1,0,1,8,10,4,19
11,0,1,0,1,8,2,4,0
11,0,1,0,1,8,3,4,0
11,0,1,0,1,8,4,4,0
11,0,1,0,1,8,5,4,0
11,0,1,0,1,8,6,4,0
11,0,1,0,1,8,7,4,0
11,0,1,0,1,8,8,4,14
11,0,1,0,1,8,9,4,30
11,0,1,0,2,7,10,4,30
11,0,1,0,2,7,2,4,0
11,0,1,0,2,7,3,4,0
11,0,1,0,2,7,4,4,0
11,0,1,0,2,7,5,4,0
11,0,1,0,2,7,6,4,0
11,0,1,0,2,7,7,4,6
11,0,1,0,2,7,8,4,41
11,0,1,0,2,7,9,4,61
11,0,1,0,3,6,10,4,38
11,0,1,0,3,6,2,4,0
11,0,1,0,3,6,3,4,0
11,0,1,0,3,6,4,4,0
11,0,1,0,3,6,5,4,0
11,0,1,0,3,6,6,4,0
11,0,1,0,3,6,7,4,17
11,0,1,0,3,6,8,4,72
11,0,1,0,3,6,9,4,88
11,0,1,0,4,5,10,4,43
11,0,1,0,4,5,2,4,0
11,0,1,0,4,5,3,4,0
11,0,1,0,4,5,4,4,0
11,0,1,0,4,5,5,4,0
11,0,1,0,4,5,6,4,1
11,0,1,0,4,5,7,4,26
11,0,1,0,4,5,8,4,90
11,0,1,0,4,5,9,4,103
11,0,2,0,0,7,2,4,0
11,0,2,0,0,7,3,4,0
11,0,2,0,0,7,4,4,0
11,0,2,0,0,7,5,4,0
11,0,2,0,0,7,6,4,0
11,0,2,0,0,7,7,4,7
11,0,2,0,0,7,8,4,14
11,0,2,0,0,7,9,4,4
11,0,2,0,1,6,2,4,0
11,0,2,0,1,6,3,4,0
11,0,2,0,1,6,4,4,0
11,0,2,0,1,6,5,4,0
11,0,2,0,1,6,6,4,13
11,0,2,0,1,6,7,4,37
11,0,2,0,1,6,8,4,41
11,0,2,0,1,6,9,4,10
11,0,2,0,2,5,2,4,0
11,0,2,0,2,5,3,4,0
11,0,2,0,2,5,4,4,0
11,0,2,0,2,5,5,4,3
11,0,2,0,2,5,6,4,36
11,0,2,0,2,5,7,4,82
11,0,2,0,2,5,8,4,72
11,0,2,0,2,5,9,4,15
11,0,2,0,3,4,2,4,0
11,0,2,0,3,4,3,4,0
11,0,2,0,3,4,4,4,0
11,0,2,0,3,4,5,4,6
11,0,2,0,3,4,6,4,57
11,0,2,0,3,4,7,4,116
11,0,2,0,3,4,8,4,90
11,0,2,0,3,4,9,4,18
11,0,3,0,0,5,2,4,0
11,0,3,0,0,5,3,4,0
11,0,3,0,0,5,4,4,0
11,0,3,0,0,5,5,4,4
11,0,3,0,0,5,6,4,13
11,0,3,0,0,5,7,4,6
11,0,3,0,0,5,8,4,0
11,0,3,0,1,4,2,4,0
11,0,3,0,1,4,3,4,0
11,0,3,0,1,4,4,4,5
11,0,3,0,1,4,5,4,20
11,0,3,0,1,4,6,4,36
11,0,3,0,1,4,7,4,17
11,0,3,0,1,4,8,4,1
11,0,3,0,2,3,2,4,0
11,0,3,0,2,3,3,4,0
11,0,3,0,2,3,4,4,12
11,0,3,0,2,3,5,4,35
11,0,3,0,2,3,6,4,57
11,0,3,0,2,3,7,4,26
11,0,3,0,2,3,8,4,1
11,0,4,0,0,3,2,4,0
11,0,4,0,0,3,3,4,1
11,0,4,0,0,3,4,4,5
11,0,4,0,0,3,5,4,3
11,0,4,0,0,3,6,4,0
11,0,4,0,0,3,7,4,0
11,0,4,0,1,2,2,4,1
11,0,4,0,1,2,3,4,2
11,0,4,0,1,2,4,4,12
11,0,4,0,1,2,5,4,6
11,0,4,0,1,2,6,4,1
11,0,4,0,1,2,7,4,0
11,0,5,0,0,1,2,4,1
11,0,5,0,0,1,3,4,0
11,0,5,0,0,1,4,4,0
11,0,5,0,0,1,5,4,0
11,0,5,0,0,1,6,4,0
12,0,0,0,0,12,10,4,0
12,0,0,0,0,12,11,4,0
12,0,0,0,0,12,12,4,7
12,0,0,0,0,12,2,4,0
12,0,0,0,0,12,3,4,0
12,0,0,0,0,12,4,4,0
12,0,0,0,0,12,5,4,0
12,0,0,0,0,12,6,4,0
12,0,0,0,0,12,7,4,0
12,0,0,0,0,12,8,4,0
12,0,0,0,0,12,9,4,0
12,0,0,0,1,11,10,4,0
12,0,0,0,1,11,11,4,9
12,0,0,0,1,11,12,4,12
12,0,0,0,1,11,2,4,0
12,0,0,0,1,11,3,4,0
12,0,0,0,1,11,4,4,0
12,0,0,0,1,11,5,4,0
12,0,0,0,1,11,6,4,0
12,0,0,0,1,11,7,4,0
12,0,0,0,1,11,8,4,0
12,0,0,0,1,11,9,4,0
12,0,0,0,2,10,10,4,4
12,0,0,0,2,10,11,4,21
12,0,0,0,2,10,12,4,21
12,0,0,0,2,10,2,4,0
12,0,0,0,2,10,3,4,0
12,0,0,0,2,10,4,4,0
12,0,0,0,2,10,5,4,0
12,0,0,0,2,10,6,4,0
12,0,0,0,2,10,7,4,0
12,0,0,0,2,10,8,4,0
12,0,0,0,2,10,9,4,0
12,0,0,0,3,9,10,4,12
12,0,0,0,3,9,11,4,35
12,0,0,0,3,9,12,4,27
12,0,0,0,3,9,2,4,0
12,0,0,0,3,9,3,4,0
12,0,0,0,3,9,4,4,0
12,0,0,0,3,9,5,4,0
12,0,0,0,3,9,6,4,0
12,0,0,0,3,9,7,4,0
12,0,0,0,3,9,8,4,0
12,0,0,0,3,9,9,4,1
12,0,0,0,4,8,10,4,18
12,0,0,0,4,8,11,4,46
12,0,0,0,4,8,12,4,34
12,0,0,0,4,8,2,4,0
12,0,0,0,4,8,3,4,0
12,0,0,0,4,8,4,4,0
12,0,0,0,4,8,5,4,0
12,0,0,0,4,8,6,4,0
12,0,0,0,4,8,7,4,0
12,0,0,0,4,8,8,4,0
12,0,0,0,4,8,9,4,2
12,0,0,0,5,7,10,4,24
12,0,0,0,5,7,11,4,54
12,0,0,0,5,7,12,4,36
12,0,0,0,5,7,2,4,0
12,0,0,0,5,7,3,4,0
12,0,0,0,5,7,4,4,0
12,0,0,0,5,7,5,4,0
12,0,0,0,5,7,6,4,0
12,0,0,0,5,7,7,4,0
12,0,0,0,5,7,8,4,0
12,0,0,0,5,7,9,4,3
12,0,0,0,6,6,10,4,25
12,0,0,0,6,6,11,4,56
12,0,0,0,6,6,12,4,39
12,0,0,0,6,6,2,4,0
12,0,0,0,6,6,3,4,0
12,0,0,0,6,6,4,4,0
12,0,0,0,6,6,5,4,0
12,0,0,0,6,6,6,4,0
12,0,0,0,6,6,7,4,0
12,0,0,0,6,6,8,4,0
12,0,0,0,6,6,9,4,4
12,0,1,0,0,10,10,4,9
12,0,1,0,0,10,11,4,9
12,0,1,0,0,10,2,4,0
12,0,1,0,0,10,3,4,0
12,0,1,0,0,10,4,4,0
12,0,1,0,0,10,5,4,0
12,0,1,0,0,10,6,4,0
12,0,1,0,0,10,7,4,0
12,0,1,0,0,10,8,4,0
12,0,1,0,0,10,9,4,0
12,0,1,0,1,9,10,4,42
12,0,1,0,1,9,11,4,21
12,0,1,0,1,9,2,4,0
12,0,1,0,1,9,3,4,0
12,0,1,0,1,9,4,4,0
12,0,1,0,1,9,5,4,0
12,0,1,0,1,9,6,4,0
12,0,1,0,1,9,7,4,0
12,0,1,0,1,9,8,4,0
12,0,1,0,1,9,9,4,16
12,0,1,0,2,8,10,4,83
12,0,1,0,2,8,11,4,35
12,0,1,0,2,8,2,4,0
12,0,1,0,2,8,3,4,0
12,0,1,0,2,8,4,4,0
12,0,1,0,2,8,5,4,0
12,0,1,0,2,8,6,4,0
12,0,1,0,2,8,7,4,0
12,0,1,0,2,8,8,4,10
12,0,1,0,2,8,9,4,53
12,0,1,0,3,7,10,4,123
12,0,1,0,3,7,11,4,46
12,0,1,0,3,7,2,4,0
12,0,1,0,3,7,3,4,0
12,0,1,0,3,7,4,4,0
12,0,1,0,3,7,5,4,0
12,0,1,0,3,7,6,4,0
12,0,1,0,3,7,7,4,1
12,0,1,0,3,7,8,4,28
12,0,1,0,3,7,9,4,98
12,0,1,0,4,6,10,4,150
12,0,1,0,4,6,11,4,54
12,0,1,0,4,6,2,4,0
12,0,1,0,4,6,3,4,0
12,0,1,0,4,6,4,4,0
12,0,1,0,4,6,5,4,0
12,0,1,0,4,6,6,4,0
12,0,1,0,4,6,7,4,4
12,0,1,0,4,6,8,4,45
12,0,1,0,4,6,9,4,132
12,0,1,0,5,5,10,4,161
12,0,1,0,5,5,11,4,56
12,0,1,0,5,5,2,4,0
12,0,1,0,5,5,3,4,0
12,0,1,0,5,5,4,4,0
12,0,1,0,5,5,5,4,0
12,0,1,0,5,5,6,4,0
12,0,1,0,5,5,7,4,5
12,0,1,0,5,5,8,4,51
12,0,1,0,5,5,9,4,145
12,0,2,0,0,8,10,4,4
12,0,2,0,0,8,2,4,0
12,0,2,0,0,8,3,4,0
12,0,2,0,0,8,4,4,0
12,0,2,0,0,8,5,4,0
12,0,2,0,0,8,6,4,0
12,0,2,0,0,8,7,4,0
12,0,2,0,0,8,8,4,12
12,0,2,0,0,8,9,4,16
12,0,2,0,1,7,10,4,12
12,0,2,0,1,7,2,4,0
12,0,2,0,1,7,3,4,0
12,0,2,0,1,7,4,4,0
12,0,2,0,1,7,5,4,0
12,0,2,0,1,7,6,4,0
12,0,2,0,1,7,7,4,16
12,0,2,0,1,7,8,4,61
12,0,2,0,1,7,9,4,53
12,0,2,0,2,6,10,4,18
12,0,2,0,2,6,2,4,0
12,0,2,0,2,6,3,4,0
12,0,2,0,2,6,4,4,0
12,0,2,0,2,6,5,4,0
12,0,2,0,2,6,6,4,6
12,0,2,0,2,6,7,4,55
12,0,2,0,2,6,8,4,140
12,0,2,0,2,6,9,4,98
12,0,2,0,3,5,10,4,24
12,0,2,0,3,5,2,4,0
12,0,2,0,3,5,3,4,0
12,0,2,0,3,5,4,4,0
12,0,2,0,3,5,5,4,0
12,0,2,0,3,5,6,4,17
12,0,2,0,3,5,7,4,104
12,0,2,0,3,5,8,4,205
12,0,2,0,3,5,9,4,132
12,0,2,0,4,4,10,4,25
12,0,2,0,4,4,2,4,0
12,0,2,0,4,4,3,4,0
12,0,2,0,4,4,4,4,0
12,0,2,0,4,4,5,4,0
12,0,2,0,4,4,6,4,22
12,0,2,0,4,4,7,4,124
12,0,2,0,4,4,8,4,234
12,0,2,0,4,4,9,4,145
12,0,3,0,0,6,2,4,0
12,0,3,0,0,6,3,4,0
12,0,3,0,0,6,4,4,0
12,0,3,0,0,6,5,4,0
12,0,3,0,0,6,6,4,9
12,0,3,0,0,6,7,4,16
12,0,3,0,0,6,8,4,10
12,0,3,0,0,6,9,4,1
12,0,3,0,1,5,2,4,0
12,0,3,0,1,5,3,4,0
12,0,3,0,1,5,4,4,0
12,0,3,0,1,5,5,4,8
12,0,3,0,1,5,6,4,45
12,0,3,0,1,5,7,4,55
12,0,3,0,1,5,8,4,28
12,0,3,0,1,5,9,4,2
12,0,3,0,2,4,2,4,0
12,0,3,0,2,4,3,4,0
12,0,3,0,2,4,4,4,2
12,0,3,0,2,4,5,4,22
12,0,3,0,2,4,6,4,90
12,0,3,0,2,4,7,4,104
12,0,3,0,2,4,8,4,45
12,0,3,0,2,4,9,4,3
12,0,3,0,3,3,2,4,0
12,0,3,0,3,3,3,4,0
12,0,3,0,3,3,4,4,4
12,0,3,0,3,3,5,4,29
12,0,3,0,3,3,6,4,113
12,0,3,0,3,3,7,4,124
12,0,3,0,3,3,8,4,51
12,0,3,0,3,3,9,4,4
12,0,4,0,0,4,2,4,0
12,0,4,0,0,4,3,4,0
12,0,4,0,0,4,4,4,4
12,0,4,0,0,4,5,4,8
12,0,4,0,0,4,6,4,6
12,0,4,0,0,4,7,4,1
12,0,4,0,0,4,8,4,0
12,0,4,0,1,3,2,4,0
12,0,4,0,1,3,3,4,1
12,0,4,0,1,3,4,4,15
12,0,4,0,1,3,5,4,22
12,0,4,0,1,3,6,4,17
12,0,4,0,1,3,7,4,4
12,0,4,0,1,3,8,4,0
12,0,4,0,2,2,2,4,0
12,0,4,0,2,2,3,4,1
12,0,4,0,2,2,4,4,24
12,0,4,0,2,2,5,4,29
12,0,4,0,2,2,6,4,22
12,0,4,0,2,2,7,4,5
12,0,4,0,2,2,8,4,0
12,0,5,0,0,2,2,4,1
12,0,5,0,0,2,3,4,1
12,0,5,0,0,2,4,4,2
12,0,5,0,0,2,5,4,0
12,0,5,0,0,2,6,4,0
12,0,5,0,0,2,7,4,0
12,0,5,0,1,1,2,4,2
12,0,5,0,1,1,3,4,1
12,0,5,0,1,1,4,4,4
12,0,5,0,1,1,5,4,0
12,0,5,0,1,1,6,4,0
12,0,5,0,1,1,7,4,0
12,0,6,0,0,0,2,4,0
12,0,6,0,0,0,3,4,0
12,0,6,0,0,0,4,4,0
12,0,6,0,0,0,5,4,0
12,0,6,0,0,0,6,4,0
13,0,0,0,0,13,10,4,0
13,0,0,0,0,13,11,4,0
13,0,0,0,0,13,12,4,0
13,0,0,0,0,13,13,4,5
13,0,0,0,0,13,2,4,0
13,0,0,0,0,13,3,4,0
13,0,0,0,0,13,4,4,0
13,0,0,0,0,13,5,4,0
13,0,0,0,0,13,6,4,0
13,0,0,0,0,13,7,4,0
13,0,0,0,0,13,8,4,0
13,0,0,0,0,13,9,4,0
13,0,0,0,1,12,10,4,0
13,0,0,0,1,12,11,4,0
13,0,0,0,1,12,12,4,12
13,0,0,0,1,12,13,4,12
13,0,0,0,1,12,2,4,0
13,0,0,0,1,12,3,4,0
13,0,0,0,1,12,4,4,0
13,0,0,0,1,12,5,4,0
13,0,0,0,1,12,6,4,0
13,0,0,0,1,12,7,4,0
13,0,0,0,1,12,8,4,0
13,0,0,0,1,12,9,4,0
13,0,0,0,2,11,10,4,0
13,0,0,0,2,11,11,4,6
13,0,0,0,2,11,12,4,27
13,0,0,0,2,11,13,4,21
13,0,0,0,2,11,2,4,0
13,0,0,0,2,11,3,4,0
13,0,0,0,2,11,4,4,0
13,0,0,0,2,11,5,4,0
13,0,0,0,2,11,6,4,0
13,0,0,0,2,11,7,4,0
13,0,0,0,2,11,8,4,0
13,0,0,0,2,11,9,4,0
13,0,0,0,3,10,10,4,0
13,0,0,0,3,10,11,4,16
13,0,0,0,3,10,12,4,45
13,0,0,0,3,10,13,4,29
13,0,0,0,3,10,2,4,0
13,0,0,0,3,10,3,4,0
13,0,0,0,3,10,4,4,0
13,0,0,0,3,10,5,4,0
13,0,0,0,3,10,6,4,0
13,0,0,0,3,10,7,4,0
13,0,0,0,3,10,8,4,0
13,0,0,0,3,10,9,4,0
13,0,0,0,4,9,10,4,2
13,0,0,0,4,9,11,4,26
13,0,0,0,4,9,12,4,60
13,0,0,0,4,9,13,4,36
13,0,0,0,4,9,2,4,0
13,0,0,0,4,9,3,4,0
13,0,0,0,4,9,4,4,0
13,0,0,0,4,9,5,4,0
13,0,0,0,4,9,6,4,0
13,0,0,0,4,9,7,4,0
13,0,0,0,4,9,8,4,0
13,0,0,0,4,9,9,4,0
13,0,0,0,5,8,10,4,3
13,0,0,0,5,8,11,4,34
13,0,0,0,5,8,12,4,72
13,0,0,0,5,8,13,4,41
13,0,0,0,5,8,2,4,0
13,0,0,0,5,8,3,4,0
13,0,0,0,5,8,4,4,0
13,0,0,0,5,8,5,4,0
13,0,0,0,5,8,6,4,0
13,0,0,0,5,8,7,4,0
13,0,0,0,5,8,8,4,0
13,0,0,0,5,8,9,4,0
13,0,0,0,6,7,10,4,4
13,0,0,0,6,7,11,4,38
13,0,0,0,6,7,12,4,78
13,0,0,0,6,7,13,4,44
13,0,0,0,6,7,2,4,0
13,0,0,0,6,7,3,4,0
13,0,0,0,6,7,4,4,0
13,0,0,0,6,7,5,4,0
13,0,0,0,6,7,6,4,0
13,0,0,0,6,7,7,4,0
13,0,0,0,6,7,8,4,0
13,0,0,0,6,7,9,4,0
13,0,1,0,0,11,10,4,0
13,0,1,0,0,11,11,4,9
13,0,1,0,0,11,12,4,12
13,0,1,0,0,11,2,4,0
13,0,1,0,0,11,3,4,0
13,0,1,0,0,11,4,4,0
13,0,1,0,0,11,5,4,0
13,0,1,0,0,11,6,4,0
13,0,1,0,0,11,7,4,0
13,0,1,0,0,11,8,4,0
13,0,1,0,0,11,9,4,0
13,0,1,0,1,10,10,4,23
13,0,1,0,1,10,11,4,46
13,0,1,0,1,10,12,4,27
13,0,1,0,1,10,2,4,0
13,0,1,0,1,10,3,4,0
13,0,1,0,1,10,4,4,0
13,0,1,0,1,10,5,4,0
13,0,1,0,1,10,6,4,0
13,0,1,0,1,10,7,4,0
13,0,1,0,1,10,8,4,0
13,0,1,0,1,10,9,4,0
13,0,1,0,2,9,10,4,72
13,0,1,0,2,9,11,4,98
13,0,1,0,2,9,12,4,45
13,0,1,0,2,9,2,4,0
13,0,1,0,2,9,3,4,0
13,0,1,0,2,9,4,4,0
13,0,1,0,2,9,5,4,0
13,0,1,0,2,9,6,4,0
13,0,1,0,2,9,7,4,0
13,0,1,0,2,9,8,4,0
13,0,1,0,2,9,9,4,14
13,0,1,0,3,8,10,4,136
13,0,1,0,3,8,11,4,151
13,0,1,0,3,8,12,4,60
13,0,1,0,3,8,2,4,0
13,0,1,0,3,8,3,4,0
13,0,1,0,3,8,4,4,0
13,0,1,0,3,8,5,4,0
13,0,1,0,3,8,6,4,0
13,0,1,0,3,8,7,4,0
13,0,1,0,3,8,8,4,2
13,0,1,0,3,8,9,4,41
13,0,1,0,4,7,10,4,190
13,0,1,0,4,7,11,4,192
13,0,1,0,4,7,12,4,72
13,0,1,0,4,7,2,4,0
13,0,1,0,4,7,3,4,0
13,0,1,0,4,7,4,4,0
13,0,1,0,4,7,5,4,0
13,0,1,0,4,7,6,4,0
13,0,1,0,4,7,7,4,0
13,0,1,0,4,7,8,4,7
13,0,1,0,4,7,9,4,71
13,0,1,0,5,6,10,4,222
13,0,1,0,5,6,11,4,214
13,0,1,0,5,6,12,4,78
13,0,1,0,5,6,2,4,0
13,0,1,0,5,6,3,4,0
13,0,1,0,5,6,4,4,0
13,0,1,0,5,6,5,4,0
13,0,1,0,5,6,6,4,0
13,0,1,0,5,6,7,4,0
13,0,1,0,5,6,8,4,10
13,0,1,0,5,6,9,4,90
13,0,2,0,0,9,10,4,23
13,0,2,0,0,9,11,4,6
13,0,2,0,0,9,2,4,0
13,0,2,0,0,9,3,4,0
13,0,2,0,0,9,4,4,0
13,0,2,0,0,9,5,4,0
13,0,2,0,0,9,6,4,0
13,0,2,0,0,9,7,4,0
13,0,2,0,0,9,8,4,0
13,0,2,0,0,9,9,4,12
13,0,2,0,1,8,10,4,72
13,0,2,0,1,8,11,4,16
13,0,2,0,1,8,2,4,0
13,0,2,0,1,8,3,4,0
13,0,2,0,1,8,4,4,0
13,0,2,0,1,8,5,4,0
13,0,2,0,1,8,6,4,0
13,0,2,0,1,8,7,4,0
13,0,2,0,1,8,8,4,27
13,0,2,0,1,8,9,4,76
13,0,2,0,2,7,10,4,136
13,0,2,0,2,7,11,4,26
13,0,2,0,2,7,2,4,0
13,0,2,0,2,7,3,4,0
13,0,2,0,2,7,4,4,0
13,0,2,0,2,7,5,4,0
13,0,2,0,2,7,6,4,0
13,0,2,0,2,7,7,4,11
13,0,2,0,2,7,8,4,96
13,0,2,0,2,7,9,4,185
13,0,2,0,3,6,10,4,190
13,0,2,0,3,6,11,4,34
13,0,2,0,3,6,2,4,0
13,0,2,0,3,6,3,4,0
13,0,2,0,3,6,4,4,0
13,0,2,0,3,6,5,4,0
13,0,2,0,3,6,6,4,0
13,0,2,0,3,6,7,4,35
13,0,2,0,3,6,8,4,187
13,0,2,0,3,6,9,4,297
13,0,2,0,4,5,10,4,222
13,0,2,0,4,5,11,4,38
13,0,2,0,4,5,2,4,0
13,0,2,0,4,5,3,4,0
13,0,2,0,4,5,4,4,0
13,0,2,0,4,5,5,4,0
13,0,2,0,4,5,6,4,2
13,0,2,0,4,5,7,4,56
13,0,2,0,4,5,8,4,247
13,0,2,0,4,5,9,4,366
13,0,3,0,0,7,10,4,0
13,0,3,0,0,7,2,4,0
13,0,3,0,0,7,3,4,0
13,0,3,0,0,7,4,4,0
13,0,3,0,0,7,5,4,0
13,0,3,0,0,7,6,4,0
13,0,3,0,0,7,7,4,10
13,0,3,0,0,7,8,4,27
13,0,3,0,0,7,9,4,14
13,0,3,0,1,6,10,4,2
13,0,3,0,1,6,2,4,0
13,0,3,0,1,6,3,4,0
13,0,3,0,1,6,4,4,0
13,0,3,0,1,6,5,4,0
13,0,3,0,1,6,6,4,18
13,0,3,0,1,6,7,4,63
13,0,3,0,1,6,8,4,96
13,0,3,0,1,6,9,4,41
13,0,3,0,2,5,10,4,3
13,0,3,0,2,5,2,4,0
13,0,3,0,2,5,3,4,0
13,0,3,0,2,5,4,4,0
13,0,3,0,2,5,5,4,4
13,0,3,0,2,5,6,4,55
13,0,3,0,2,5,7,4,153
13,0,3,0,2,5,8,4,187
13,0,3,0,2,5,9,4,71
13,0,3,0,3,4,10,4,4
13,0,3,0,3,4,2,4,0
13,0,3,0,3,4,3,4,0
13,0,3,0,3,4,4,4,0
13,0,3,0,3,4,5,4,8
13,0,3,0,3,4,6,4,91
13,0,3,0,3,4,7,4,227
13,0,3,0,3,4,8,4,247
13,0,3,0,3,4,9,4,90
13,0,4,0,0,5,2,4,0
13,0,4,0,0,5,3,4,0
13,0,4,0,0,5,4,4,0
13,0,4,0,0,5,5,4,5
13,0,4,0,0,5,6,4,18
13,0,4,0,0,5,7,4,11
13,0,4,0,0,5,8,4,2
13,0,4,0,0,5,9,4,0
13,0,4,0,1,4,2,4,0
13,0,4,0,1,4,3,4,0
13,0,4,0,1,4,4,4,6
13,0,4,0,1,4,5,4,26
13,0,4,0,1,4,6,4,55
13,0,4,0,1,4,7,4,35
13,0,4,0,1,4,8,4,7
13,0,4,0,1,4,9,4,0
13,0,4,0,2,3,2,4,0
13,0,4,0,2,3,3,4,0
13,0,4,0,2,3,4,4,15
13,0,4,0,2,3,5,4,46
13,0,4,0,2,3,6,4,91
13,0,4,0,2,3,7,4,56
13,0,4,0,2,3,8,4,10
13,0,4,0,2,3,9,4,0
13,0,5,0,0,3,2,4,0
13,0,5,0,0,3,3,4,1
13,0,5,0,0,3,4,4,6
13,0,5,0,0,3,5,4,4
13,0,5,0,0,3,6,4,0
13,0,5,0,0,3,7,4,0
13,0,5,0,0,3,8,4,0
13,0,5,0,1,2,2,4,1
13,0,5,0,1,2,3,4,2
13,0,5,0,1,2,4,4,15
13,0,5,0,1,2,5,4,8
13,0,5,0,1,2,6,4,2
13,0,5,0,1,2,7,4,0
13,0,5,0,1,2,8,4,0
13,0,6,0,0,1,2,4,1
13,0,6,0,0,1,3,4,0
13,0,6,0,0,1,4,4,0
13,0,6,0,0,1,5,4,0
13,0,6,0,0,1,6,4,0
13,0,6,0,0,1,7,4,0
14,0,0,0,0,14,10,4,0
14,0,0,0,0,14,11,4,0
14,0,0,0,0,14,12,4,0
14,0,0,0,0,14,13,4,0
14,0,0,0,0,14,14,4,8
14,0,0,0,0,14,2,4,0
14,0,0,0,0,14,3,4,0
14,0,0,0,0,14,4,4,0
14,0,0,0,0,14,5,4,0
14,0,0,0,0,14,6,4,0
14,0,0,0,0,14,7,4,0
14,0,0,0,0,14,8,4,0
14,0,0,0,0,14,9,4,0
14,0,0,0,1,13,10,4,0
14,0,0,0,1,13,11,4,0
14,0,0,0,1,13,12,4,0
14,0,0,0,1,13,13,4,12
14,0,0,0,1,13,14,4,16
14,0,0,0,1,13,2,4,0
14,0,0,0,1,13,3,4,0
14,0,0,0,1,13,4,4,0
14,0,0,0,1,13,5,4,0
14,0,0,0,1,13,6,4,0
14,0,0,0,1,13,7,4,0
14,0,0,0,1,13,8,4,0
14,0,0,0,1,13,9,4,0
14,0,0,0,2,12,10,4,0
14,0,0,0,2,12,11,4,0
14,0,0,0,2,12,12,4,6
14,0,0,0,2,12,13,4,30
14,0,0,0,2,12,14,4,28
14,0,0,0,2,12,2,4,0
14,0,0,0,2,12,3,4,0
14,0,0,0,2,12,4,4,0
14,0,0,0,2,12,5,4,0
14,0,0,0,2,12,6,4,0
14,0,0,0,2,12,7,4,0
14,0,0,0,2,12,8,4,0
14,0,0,0,2,12,9,4,0
14,0,0,0,3,11,10,4,0
14,0,0,0,3,11,11,4,1
14,0,0,0,3,11,12,4,19
14,0,0,0,3,11,13,4,51
14,0,0,0,3,11,14,4,37
14,0,0,0,3,11,2,4,0
14,0,0,0,3,11,3,4,0
14,0,0,0,3,11,4,4,0
14,0,0,0,3,11,5,4,0
14,0,0,0,3,11,6,4,0
14,0,0,0,3,11,7,4,0
14,0,0,0,3,11,8,4,0
14,0,0,0,3,11,9,4,0
14,0,0,0,4,10,10,4,0
14,0,0,0,4,10,11,4,4
14,0,0,0,4,10,12,4,30
14,0,0,0,4,10,13,4,70
14,0,0,0,4,10,14,4,48
14,0,0,0,4,10,2,4,0
14,0,0,0,4,10,3,4,0
14,0,0,0,4,10,4,4,0
14,0,0,0,4,10,5,4,0
14,0,0,0,4,10,6,4,0
14,0,0,0,4,10,7,4,0
14,0,0,0,4,10,8,4,0
14,0,0,0,4,10,9,4,0
14,0,0,0,5,9,10,4,0
14,0,0,0,5,9,11,4,6
14,0,0,0,5,9,12,4,42
14,0,0,0,5,9,13,4,86
14,0,0,0,5,9,14,4,54
14,0,0,0,5,9,2,4,0
14,0,0,0,5,9,3,4,0
14,0,0,0,5,9,4,4,0
14,0,0,0,5,9,5,4,0
14,0,0,0,5,9,6,4,0
14,0,0,0,5,9,7,4,0
14,0,0,0,5,9,8,4,0
14,0,0,0,5,9,9,4,0
14,0,0,0,6,8,10,4,0
14,0,0,0,6,8,11,4,8
14,0,0,0,6,8,12,4,48
14,0,0,0,6,8,13,4,96
14,0,0,0,6,8,14,4,60
14,0,0,0,6,8,2,4,0
14,0,0,0,6,8,3,4,0
14,0,0,0,6,8,4,4,0
14,0,0,0,6,8,5,4,0
14,0,0,0,6,8,6,4,0
14,0,0,0,6,8,7,4,0
14,0,0,0,6,8,8,4,0
14,0,0,0,6,8,9,4,0
14,0,0,0,7,7,10,4,0
14,0,0,0,7,7,11,4,8
14,0,0,0,7,7,12,4,52
14,0,0,0,7,7,13,4,100
14,0,0,0,7,7,14,4,60
14,0,0,0,7,7,2,4,0
14,0,0,0,7,7,3,4,0
14,0,0,0,7,7,4,4,0
14,0,0,0,7,7,5,4,0
14,0,0,0,7,7,6,4,0
14,0,0,0,7,7,7,4,0
14,0,0,0,7,7,8,4,0
14,0,0,0,7,7,9,4,0
14,0,1,0,0,12,10,4,0
14,0,1,0,0,12,11,4,0
14,0,1,0,0,12,12,4,12
14,0,1,0,0,12,13,4,12
14,0,1,0,0,12,2,4,0
14,0,1,0,0,12,3,4,0
14,0,1,0,0,12,4,4,0
14,0,1,0,0,12,5,4,0
14,0,1,0,0,12,6,4,0
14,0,1,0,0,12,7,4,0
14,0,1,0,0,12,8,4,0
14,0,1,0,0,12,9,4,0
14,0,1,0,1,11,10,4,0
14,0,1,0,1,11,11,4,25
14,0,1,0,1,11,12,4,60
14,0,1,0,1,11,13,4,30
14,0,1,0,1,11,2,4,0
14,0,1,0,1,11,3,4,0
14,0,1,0,1,11,4,4,0
14,0,1,0,1,11,5,4,0
14,0,1,0,1,11,6,4,0
14,0,1,0,1,11,7,4,0
14,0,1,0,1,11,8,4,0
14,0,1,0,1,11,9,4,0
14,0,1,0,2,10,10,4,19
14,0,1,0,2,10,11,4,87
14,0,1,0,2,10,12,4,126
14,0,1,0,2,10,13,4,51
14,0,1,0,2,10,2,4,0
14,0,1,0,2,10,3,4,0
14,0,1,0,2,10,4,4,0
14,0,1,0,2,10,5,4,0
14,0,1,0,2,10,6,4,0
14,0,1,0,2,10,7,4,0
14,0,1,0,2,10,8,4,0
14,0,1,0,2,10,9,4,0
14,0,1,0,3,9,10,4,56
14,0,1,0,3,9,11,4,172
14,0,1,0,3,9,12,4,196
14,0,1,0,3,9,13,4,70
14,0,1,0,3,9,2,4,0
14,0,1,0,3,9,3,4,0
14,0,1,0,3,9,4,4,0
14,0,1,0,3,9,5,4,0
14,0,1,0,3,9,6,4,0
14,0,1,0,3,9,7,4,0
14,0,1,0,3,9,8,4,0
14,0,1,0,3,9,9,4,4
14,0,1,0,4,8,10,4,102
14,0,1,0,4,8,11,4,250
14,0,1,0,4,8,12,4,254
14,0,1,0,4,8,13,4,86
14,0,1,0,4,8,2,4,0
14,0,1,0,4,8,3,4,0
14,0,1,0,4,8,4,4,0
14,0,1,0,4,8,5,4,0
14,0,1,0,4,8,6,4,0
14,0,1,0,4,8,7,4,0
14,0,1,0,4,8,8,4,0
14,0,1,0,4,8,9,4,13
14,0,1,0,5,7,10,4,135
14,0,1,0,5,7,11,4,305
14,0,1,0,5,7,12,4,294
14,0,1,0,5,7,13,4,96
14,0,1,0,5,7,2,4,0
14,0,1,0,5,7,3,4,0
14,0,1,0,5,7,4,4,0
14,0,1,0,5,7,5,4,0
14,0,1,0,5,7,6,4,0
14,0,1,0,5,7,7,4,0
14,0,1,0,5,7,8,4,0
14,0,1,0,5,7,9,4,22
14,0,1,0,6,6,10,4,149
14,0,1,0,6,6,11,4,323
14,0,1,0,6,6,12,4,307
14,0,1,0,6,6,13,4,100
14,0,1,0,6,6,2,4,0
14,0,1,0,6,6,3,4,0
14,0,1,0,6,6,4,4,0
14,0,1,0,6,6,5,4,0
14,0,1,0,6,6,6,4,0
14,0,1,0,6,6,7,4,0
14,0,1,0,6,6,8,4,0
14,0,1,0,6,6,9,4,26
14,0,2,0,0,10,10,4,19
14,0,2,0,0,10,11,4,25
14,0,2,0,0,10,12,4,6
14,0,2,0,0,10,2,4,0
14,0,2,0,0,10,3,4,0
14,0,2,0,0,10,4,4,0
14,0,2,0,0,10,5,4,0
14,0,2,0,0,10,6,4,0
14,0,2,0,0,10,7,4,0
14,0,2,0,0,10,8,4,0
14,0,2,0,0,10,9,4,0
14,0,2,0,1,9,10,4,109
14,0,2,0,1,9,11,4,87
14,0,2,0,1,9,12,4,19
14,0,2,0,1,9,2,4,0
14,0,2,0,1,9,3,4,0
14,0,2,0,1,9,4,4,0
14,0,2,0,1,9,5,4,0
14,0,2,0,1,9,6,4,0
14,0,2,0,1,9,7,4,0
14,0,2,0,1,9,8,4,0
14,0,2,0,1,9,9,4,33
14,0,2,0,2,8,10,4,267
14,0,2,0,2,8,11,4,172
14,0,2,0,2,8,12,4,30
14,0,2,0,2,8,2,4,0
14,0,2,0,2,8,3,4,0
14,0,2,0,2,8,4,4,0
14,0,2,0,2,8,5,4,0
14,0,2,0,2,8,6,4,0
14,0,2,0,2,8,7,4,0
14,0,2,0,2,8,8,4,19
14,0,2,0,2,8,9,4,132
14,0,2,0,3,7,10,4,438
14,0,2,0,3,7,11,4,250
14,0,2,0,3,7,12,4,42
14,0,2,0,3,7,2,4,0
14,0,2,0,3,7,3,4,0
14,0,2,0,3,7,4,4,0
14,0,2,0,3,7,5,4,0
14,0,2,0,3,7,6,4,0
14,0,2,0,3,7,7,4,2
14,0,2,0,3,7,8,4,65
14,0,2,0,3,7,9,4,277
14,0,2,0,4,6,10,4,571
14,0,2,0,4,6,11,4,305
14,0,2,0,4,6,12,4,48
14,0,2,0,4,6,2,4,0
14,0,2,0,4,6,3,4,0
14,0,2,0,4,6,4,4,0
14,0,2,0,4,6,5,4,0
14,0,2,0,4,6,6,4,0
14,0,2,0,4,6,7,4,8
14,0,2,0,4,6,8,4,110
14,0,2,0,4,6,9,4,402
14,0,2,0,5,5,10,4,617
14,0,2,0,5,5,11,4,323
14,0,2,0,5,5,12,4,52
14,0,2,0,5,5,2,4,0
14,0,2,0,5,5,3,4,0
14,0,2,0,5,5,4,4,0
14,0,2,0,5,5,5,4,0
14,0,2,0,5,5,6,4,0
14,0,2,0,5,5,7,4,10
14,0,2,0,5,5,8,4,132
14,0,2,0,5,5,9,4,452
14,0,3,0,0,8,10,4,19
14,0,3,0,0,8,11,4,1
14,0,3,0,0,8,2,4,0
14,0,3,0,0,8,3,4,0
14,0,3,0,0,8,4,4,0
14,0,3,0,0,8,5,4,0
14,0,3,0,0,8,6,4,0
14,0,3,0,0,8,7,4,0
14,0,3,0,0,8,8,4,17
14,0,3,0,0,8,9,4,33
14,0,3,0,1,7,10,4,56
14,0,3,0,1,7,11,4,4
14,0,3,0,1,7,2,4,0
14,0,3,0,1,7,3,4,0
14,0,3,0,1,7,4,4,0
14,0,3,0,1,7,5,4,0
14,0,3,0,1,7,6,4,0
14,0,3,0,1,7,7,4,24
14,0,3,0,1,7,8,4,112
14,0,3,0,1,7,9,4,132
14,0,3,0,2,6,10,4,102
14,0,3,0,2,6,11,4,6
14,0,3,0,2,6,2,4,0
14,0,3,0,2,6,3,4,0
14,0,3,0,2,6,4,4,0
14,0,3,0,2,6,5,4,0
14,0,3,0,2,6,6,4,10
14,0,3,0,2,6,7,4,92
14,0,3,0,2,6,8,4,281
14,0,3,0,2,6,9,4,277
14,0,3,0,3,5,10,4,135
14,0,3,0,3,5,11,4,8
14,0,3,0,3,5,2,4,0
14,0,3,0,3,5,3,4,0
14,0,3,0,3,5,4,4,0
14,0,3,0,3,5,5,4,0
14,0,3,0,3,5,6,4,27
14,0,3,0,3,5,7,4,183
14,0,3,0,3,5,8,4,448
14,0,3,0,3,5,9,4,402
14,0,3,0,4,4,10,4,149
14,0,3,0,4,4,11,4,8
14,0,3,0,4,4,2,4,0
14,0,3,0,4,4,3,4,0
14,0,3,0,4,4,4,4,0
14,0,3,0,4,4,5,4,0
14,0,3,0,4,4,6,4,37
14,0,3,0,4,4,7,4,223
14,0,3,0,4,4,8,4,516
14,0,3,0,4,4,9,4,452
14,0,4,0,0,6,10,4,0
14,0,4,0,0,6,2,4,0
14,0,4,0,0,6,3,4,0
14,0,4,0,0,6,4,4,0
14,0,4,0,0,6,5,4,0
14,0,4,0,0,6,6,4,12
14,0,4,0,0,6,7,4,24
14,0,4,0,0,6,8,4,19
14,0,4,0,0,6,9,4,4
14,0,4,0,1,5,10,4,0
14,0,4,0,1,5,2,4,0
14,0,4,0,1,5,3,4,0
14,0,4,0,1,5,4,4,0
14,0,4,0,1,5,5,4,10
14,0,4,0,1,5,6,4,63
14,0,4,0,1,5,7,4,92
14,0,4,0,1,5,8,4,65
14,0,4,0,1,5,9,4,13
14,0,4,0,2,4,10,4,0
14,0,4,0,2,4,2,4,0
14,0,4,0,2,4,3,4,0
14,0,4,0,2,4,4,4,2
14,0,4,0,2,4,5,4,28
14,0,4,0,2,4,6,4,135
14,0,4,0,2,4,7,4,183
14,0,4,0,2,4,8,4,110
14,0,4,0,2,4,9,4,22
14,0,4,0,3,3,10,4,0
14,0,4,0,3,3,2,4,0
14,0,4,0,3,3,3,4,0
14,0,4,0,3,3,4,4,5
14,0,4,0,3,3,5,4,37
14,0,4,0,3,3,6,4,169
14,0,4,0,3,3,7,4,223
14,0,4,0,3,3,8,4,132
14,0,4,0,3,3,9,4,26
14,0,5,0,0,4,2,4,0
14,0,5,0,0,4,3,4,0
14,0,5,0,0,4,4,4,4
14,0,5,0,0,4,5,4,10
14,0,5,0,0,4,6,4,10
14,0,5,0,0,4,7,4,2
14,0,5,0,0,4,8,4,0
14,0,5,0,0,4,9,4,0
14,0,5,0,1,3,2,4,0
14,0,5,0,1,3,3,4,1
14,0,5,0,1,3,4,4,18
14,0,5,0,1,3,5,4,28
14,0,5,0,1,3,6,4,27
14,0,5,0,1,3,7,4,8
14,0,5,0,1,3,8,4,0
14,0,5,0,1,3,9,4,0
14,0,5,0,2,2,2,4,0
14,0,5,0,2,2,3,4,1
14,0,5,0,2,2,4,4,28
14,0,5,0,2,2,5,4,37
14,0,5,0,2,2,6,4,37
14,0,5,0,2,2,7,4,10
14,0,5,0,2,2,8,4,0
14,0,5,0,2,2,9,4,0
14,0,6,0,0,2,2,4,1
14,0,6,0,0,2,3,4,1
14,0,6,0,0,2,4,4,2
14,0,6,0,0,2,5,4,0
14,0,6,0,0,2,6,4,0
14,0,6,0,0,2,7,4,0
14,0,6,0,0,2,8,4,0
14,0,6,0,1,1,2,4,2
14,0,6,0,1,1,3,4,1
14,0,6,0,1,1,4,4,5
14,0,6,0,1,1,5,4,0
14,0,6,0,1,1,6,4,0
14,0,6,0,1,1,7,4,0
14,0,6,0,1,1,8,4,0
14,0,7,0,0,0,2,4,0
14,0,7,0,0,0,3,4,0
14,0,7,0,0,0,4,4,0
14,0,7,0,0,0,5,4,0
14,0,7,0,0,0,6,4,0
14,0,7,0,0,0,7,4,0
15,0,0,0,0,15,10,4,0
15,0,0,0,0,15,11,4,0
15,0,0,0,0,15,12,4,0
15,0,0,0,0,15,13,4,0
15,0,0,0,0,15,14,4,0
15,0,0,0,0,15,15,4,7
15,0,0,0,0,15,2,4,0
15,0,0,0,0,15,3,4,0
15,0,0,0,0,15,4,4,0
15,0,0,0,0,15,5,4,0
15,0,0,0,0,15,6,4,0
15,0,0,0,0,15,7,4,0
15,0,0,0,0,15,8,4,0
15,0,0,0,0,15,9,4,0
15,0,0,0,1,14,10,4,0
15,0,0,0,1,14,11,4,0
15,0,0,0,1,14,12,4,0
15,0,0,0,1,14,13,4,0
15,0,0,0,1,14,14,4,16
15,0,0,0,1,14,15,4,16
15,0,0,0,1,14,2,4,0
15,0,0,0,1,14,3,4,0
15,0,0,0,1,14,4,4,0
15,0,0,0,1,14,5,4,0
15,0,0,0,1,14,6,4,0
15,0,0,0,1,14,7,4,0
15,0,0,0,1,14,8,4,0
15,0,0,0,1,14,9,4,0
15,0,0,0,2,13,10,4,0
15,0,0,0,2,13,11,4,0
15,0,0,0,2,13,12,4,0
15,0,0,0,2,13,13,4,9
15,0,0,0,2,13,14,4,37
15,0,0,0,2,13,15,4,28
15,0,0,0,2,13,2,4,0
15,0,0,0,2,13,3,4,0
15,0,0,0,2,13,4,4,0
15,0,0,0,2,13,5,4,0
15,0,0,0,2,13,6,4,0
15,0,0,0,2,13,7,4,0
15,0,0,0,2,13,8,4,0
15,0,0,0,2,13,9,4,0
15,0,0,0,3,12,10,4,0
15,0,0,0,3,12,11,4,0
15,0,0,0,3,12,12,4,1
15,0,0,0,3,12,13,4,24
15,0,0,0,3,12,14,4,63
15,0,0,0,3,12,15,4,40
15,0,0,0,3,12,2,4,0
15,0,0,0,3,12,3,4,0
15,0,0,0,3,12,4,4,0
15,0,0,0,3,12,5,4,0
15,0,0,0,3,12,6,4,0
15,0,0,0,3,12,7,4,0
15,0,0,0,3,12,8,4,0
15,0,0,0,3,12,9,4,0
15,0,0,0,4,11,10,4,0
15,0,0,0,4,11,11,4,0
15,0,0,0,4,11,12,4,4
15,0,0,0,4,11,13,4,40
15,0,0,0,4,11,14,4,87
15,0,0,0,4,11,15,4,51
15,0,0,0,4,11,2,4,0
15,0,0,0,4,11,3,4,0
15,0,0,0,4,11,4,4,0
15,0,0,0,4,11,5,4,0
15,0,0,0,4,11,6,4,0
15,0,0,0,4,11,7,4,0
15,0,0,0,4,11,8,4,0
15,0,0,0,4,11,9,4,0
15,0,0,0,5,10,10,4,0
15,0,0,0,5,10,11,4,0
15,0,0,0,5,10,12,4,6
15,0,0,0,5,10,13,4,55
15,0,0,0,5,10,14,4,109
15,0,0,0,5,10,15,4,60
15,0,0,0,5,10,2,4,0
15,0,0,0,5,10,3,4,0
15,0,0,0,5,10,4,4,0
15,0,0,0,5,10,5,4,0
15,0,0,0,5,10,6,4,0
15,0,0,0,5,10,7,4,0
15,0,0,0,5,10,8,4,0
15,0,0,0,5,10,9,4,0
15,0,0,0,6,9,10,4,0
15,0,0,0,6,9,11,4,0
15,0,0,0,6,9,12,4,9
15,0,0,0,6,9,13,4,66
15,0,0,0,6,9,14,4,124
15,0,0,0,6,9,15,4,67
15,0,0,0,6,9,2,4,0
15,0,0,0,6,9,3,4,0
15,0,0,0,6,9,4,4,0
15,0,0,0,6,9,5,4,0
15,0,0,0,6,9,6,4,0
15,0,0,0,6,9,7,4,0
15,0,0,0,6,9,8,4,0
15,0,0,0,6,9,9,4,0
15,0,0,0,7,8,10,4,0
15,0,0,0,7,8,11,4,0
15,0,0,0,7,8,12,4,10
15,0,0,0,7,8,13,4,72
15,0,0,0,7,8,14,4,132
15,0,0,0,7,8,15,4,70
15,0,0,0,7,8,2,4,0
15,0,0,0,7,8,3,4,0
15,0,0,0,7,8,4,4,0
15,0,0,0,7,8,5,4,0
15,0,0,0,7,8,6,4,0
15,0,0,0,7,8,7,4,0
15,0,0,0,7,8,8,4,0
15,0,0,0,7,8,9,4,0
15,0,1,0,0,13,10,4,0
15,0,1,0,0,13,11,4,0
15,0,1,0,0,13,12,4,0
15,0,1,0,0,13,13,4,12
15,0,1,0,0,13,14,4,16
15,0,1,0,0,13,2,4,0
15,0,1,0,0,13,3,4,0
15,0,1,0,0,13,4,4,0
15,0,1,0,0,13,5,4,0
15,0,1,0,0,13,6,4,0
15,0,1,0,0,13,7,4,0
15,0,1,0,0,13,8,4,0
15,0,1,0,0,13,9,4,0
15,0,1,0,1,12,10,4,0
15,0,1,0,1,12,11,4,0
15,0,1,0,1,12,12,4,33
15,0,1,0,1,12,13,4,66
15,0,1,0,1,12,14,4,37
15,0,1,0,1,12,2,4,0
15,0,1,0,1,12,3,4,0
15,0,1,0,1,12,4,4,0
15,0,1,0,1,12,5,4,0
15,0,1,0,1,12,6,4,0
15,0,1,0,1,12,7,4,0
15,0,1,0,1,12,8,4,0
15,0,1,0,1,12,9,4,0
15,0,1,0,2,11,10,4,0
15,0,1,0,2,11,11,4,24
15,0,1,0,2,11,12,4,112
15,0,1,0,2,11,13,4,145
15,0,1,0,2,11,14,4,63
15,0,1,0,2,11,2,4,0
15,0,1,0,2,11,3,4,0
15,0,1,0,2,11,4,4,0
15,0,1,0,2,11,5,4,0
15,0,1,0,2,11,6,4,0
15,0,1,0,2,11,7,4,0
15,0,1,0,2,11,8,4,0
15,0,1,0,2,11,9,4,0
15,0,1,0,3,10,10,4,5
15,0,1,0,3,10,11,4,76
15,0,1,0,3,10,12,4,222
15,0,1,0,3,10,13,4,231
15,0,1,0,3,10,14,4,87
15,0,1,0,3,10,2,4,0
15,0,1,0,3,10,3,4,0
15,0,1,0,3,10,4,4,0
15,0,1,0,3,10,5,4,0
15,0,1,0,3,10,6,4,0
15,0,1,0,3,10,7,4,0
15,0,1,0,3,10,8,4,0
15,0,1,0,3,10,9,4,0
15,0,1,0,4,9,10,4,19
15,0,1,0,4,9,11,4,141
15,0,1,0,4,9,12,4,328
15,0,1,0,4,9,13,4,308
15,0,1,0,4,9,14,4,109
15,0,1,0,4,9,2,4,0
15,0,1,0,4,9,3,4,0
15,0,1,0,4,9,4,4,0
15,0,1,0,4,9,5,4,0
15,0,1,0,4,9,6,4,0
15,0,1,0,4,9,7,4,0
15,0,1,0,4,9,8,4,0
15,0,1,0,4,9,9,4,0
15,0,1,0,5,8,10,4,33
15,0,1,0,5,8,11,4,196
15,0,1,0,5,8,12,4,413
15,0,1,0,5,8,13,4,366
15,0,1,0,5,8,14,4,124
15,0,1,0,5,8,2,4,0
15,0,1,0,5,8,3,4,0
15,0,1,0,5,8,4,4,0
15,0,1,0,5,8,5,4,0
15,0,1,0,5,8,6,4,0
15,0,1,0,5,8,7,4,0
15,0,1,0,5,8,8,4,0
15,0,1,0,5,8,9,4,1
15,0,1,0,6,7,10,4,42
15,0,1,0,6,7,11,4,227
15,0,1,0,6,7,12,4,459
15,0,1,0,6,7,13,4,397
15,0,1,0,6,7,14,4,132
15,0,1,0,6,7,2,4,0
15,0,1,0,6,7,3,4,0
15,0,1,0,6,7,4,4,0
15,0,1,0,6,7,5,4,0
15,0,1,0,6,7,6,4,0
15,0,1,0,6,7,7,4,0
15,0,1,0,6,7,8,4,0
15,0,1,0,6,7,9,4,2
15,0,2,0,0,11,10,4,0
15,0,2,0,0,11,11,4,19
15,0,2,0,0,11,12,4,33
15,0,2,0,0,11,13,4,9
15,0,2,0,0,11,2,4,0
15,0,2,0,0,11,3,4,0
15,0,2,0,0,11,4,4,0
15,0,2,0,0,11,5,4,0
15,0,2,0,0,11,6,4,0
15,0,2,0,0,11,7,4,0
15,0,2,0,0,11,8,4,0
15,0,2,0,0,11,9,4,0
15,0,2,0,1,10,10,4,49
15,0,2,0,1,10,11,4,127
15,0,2,0,1,10,12,4,112
15,0,2,0,1,10,13,4,24
15,0,2,0,1,10,2,4,0
15,0,2,0,1,10,3,4,0
15,0,2,0,1,10,4,4,0
15,0,2,0,1,10,5,4,0
15,0,2,0,1,10,6,4,0
15,0,2,0,1,10,7,4,0
15,0,2,0,1,10,8,4,0
15,0,2,0,1,10,9,4,0
15,0,2,0,2,9,10,4,191
15,0,2,0,2,9,11,4,331
15,0,2,0,2,9,12,4,222
15,0,2,0,2,9,13,4,40
15,0,2,0,2,9,2,4,0
15,0,2,0,2,9,3,4,0
15,0,2,0,2,9,4,4,0
15,0,2,0,2,9,5,4,0
15,0,2,0,2,9,6,4,0
15,0,2,0,2,9,7,4,0
15,0,2,0,2,9,8,4,0
15,0,2,0,2,9,9,4,30
15,0,2,0,3,8,10,4,413
15,0,2,0,3,8,11,4,572
15,0,2,0,3,8,12,4,328
15,0,2,0,3,8,13,4,55
15,0,2,0,3,8,2,4,0
15,0,2,0,3,8,3,4,0
15,0,2,0,3,8,4,4,0
15,0,2,0,3,8,5,4,0
15,0,2,0,3,8,6,4,0
15,0,2,0,3,8,7,4,0
15,0,2,0,3,8,8,4,4
15,0,2,0,3,8,9,4,103
15,0,2,0,4,7,10,4,626
15,0,2,0,4,7,11,4,776
15,0,2,0,4,7,12,4,413
15,0,2,0,4,7,13,4,66
15,0,2,0,4,7,2,4,0
15,0,2,0,4,7,3,4,0
15,0,2,0,4,7,4,4,0
15,0,2,0,4,7,5,4,0
15,0,2,0,4,7,6,4,0
15,0,2,0,4,7,7,4,0
15,0,2,0,4,7,8,4,16
15,0,2,0,4,7,9,4,197
15,0,2,0,5,6,10,4,757
15,0,2,0,5,6,11,4,890
15,0,2,0,5,6,12,4,459
15,0,2,0,5,6,13,4,72
15,0,2,0,5,6,2,4,0
15,0,2,0,5,6,3,4,0
15,0,2,0,5,6,4,4,0
15,0,2,0,5,6,5,4,0
15,0,2,0,5,6,6,4,0
15,0,2,0,5,6,7,4,0
15,0,2,0,5,6,8,4,25
15,0,2,0,5,6,9,4,262
15,0,3,0,0,9,10,4,49
15,0,3,0,0,9,11,4,24
15,0,3,0,0,9,12,4,1
15,0,3,0,0,9,2,4,0
15,0,3,0,0,9,3,4,0
15,0,3,0,0,9,4,4,0
15,0,3,0,0,9,5,4,0
15,0,3,0,0,9,6,4,0
15,0,3,0,0,9,7,4,0
15,0,3,0,0,9,8,4,0
15,0,3,0,0,9,9,4,20
15,0,3,0,1,8,10,4,191
15,0,3,0,1,8,11,4,76
15,0,3,0,1,8,12,4,4
15,0,3,0,1,8,2,4,0
15,0,3,0,1,8,3,4,0
15,0,3,0,1,8,4,4,0
15,0,3,0,1,8,5,4,0
15,0,3,0,1,8,6,4,0
15,0,3,0,1,8,7,4,0
15,0,3,0,1,8,8,4,43
15,0,3,0,1,8,9,4,149
15,0,3,0,2,7,10,4,413
15,0,3,0,2,7,11,4,141
15,0,3,0,2,7,12,4,6
15,0,3,0,2,7,2,4,0
15,0,3,0,2,7,3,4,0
15,0,3,0,2,7,4,4,0
15,0,3,0,2,7,5,4,0
15,0,3,0,2,7,6,4,0
15,0,3,0,2,7,7,4,18
15,0,3,0,2,7,8,4,173
15,0,3,0,2,7,9,4,409
15,0,3,0,3,6,10,4,626
15,0,3,0,3,6,11,4,196
15,0,3,0,3,6,12,4,9
15,0,3,0,3,6,2,4,0
15,0,3,0,3,6,3,4,0
15,0,3,0,3,6,4,4,0
15,0,3,0,3,6,5,4,0
15,0,3,0,3,6,6,4,1
15,0,3,0,3,6,7,4,59
15,0,3,0,3,6,8,4,361
15,0,3,0,3,6,9,4,717
15,0,3,0,4,5,10,4,757
15,0,3,0,4,5,11,4,227
15,0,3,0,4,5,12,4,10
15,0,3,0,4,5,2,4,0
15,0,3,0,4,5,3,4,0
15,0,3,0,4,5,4,4,0
15,0,3,0,4,5,5,4,0
15,0,3,0,4,5,6,4,4
15,0,3,0,4,5,7,4,97
15,0,3,0,4,5,8,4,497
15,0,3,0,4,5,9,4,919
15,0,4,0,0,7,10,4,5
15,0,4,0,0,7,11,4,0
15,0,4,0,0,7,2,4,0
15,0,4,0,0,7,3,4,0
15,0,4,0,0,7,4,4,0
15,0,4,0,0,7,5,4,0
15,0,4,0,0,7,6,4,0
15,0,4,0,0,7,7,4,14
15,0,4,0,0,7,8,4,43
15,0,4,0,0,7,9,4,30
15,0,4,0,1,6,10,4,19
15,0,4,0,1,6,11,4,0
15,0,4,0,1,6,2,4,0
15,0,4,0,1,6,3,4,0
15,0,4,0,1,6,4,4,0
15,0,4,0,1,6,5,4,0
15,0,4,0,1,6,6,4,24
15,0,4,0,1,6,7,4,95
15,0,4,0,1,6,8,4,173
15,0,4,0,1,6,9,4,103
15,0,4,0,2,5,10,4,33
15,0,4,0,2,5,11,4,0
15,0,4,0,2,5,2,4,0
15,0,4,0,2,5,3,4,0
15,0,4,0,2,5,4,4,0
15,0,4,0,2,5,5,4,5
15,0,4,0,2,5,6,4,78
15,0,4,0,2,5,7,4,245
15,0,4,0,2,5,8,4,361
15,0,4,0,2,5,9,4,197
15,0,4,0,3,4,10,4,42
15,0,4,0,3,4,11,4,0
15,0,4,0,3,4,2,4,0
15,0,4,0,3,4,3,4,0
15,0,4,0,3,4,4,4,0
15,0,4,0,3,4,5,4,10
15,0,4,0,3,4,6,4,133
15,0,4,0,3,4,7,4,373
15,0,4,0,3,4,8,4,497
15,0,4,0,3,4,9,4,262
15,0,5,0,0,5,10,4,0
15,0,5,0,0,5,2,4,0
15,0,5,0,0,5,3,4,0
15,0,5,0,0,5,4,4,0
15,0,5,0,0,5,5,4,6
15,0,5,0,0,5,6,4,24
15,0,5,0,0,5,7,4,18
15,0,5,0,0,5,8,4,4
15,0,5,0,0,5,9,4,0
15,0,5,0,1,4,10,4,0
15,0,5,0,1,4,2,4,0
15,0,5,0,1,4,3,4,0
15,0,5,0,1,4,4,4,7
15,0,5,0,1,4,5,4,32
15,0,5,0,1,4,6,4,78
15,0,5,0,1,4,7,4,59
15,0,5,0,1,4,8,4,16
15,0,5,0,1,4,9,4,1
15,0,5,0,2,3,10,4,0
15,0,5,0,2,3,2,4,0
15,0,5,0,2,3,3,4,0
15,0,5,0,2,3,4,4,18
15,0,5,0,2,3,5,4,57
15,0,5,0,2,3,6,4,133
15,0,5,0,2,3,7,4,97
15,0,5,0,2,3,8,4,25
15,0,5,0,2,3,9,4,2
15,0,6,0,0,3,2,4,0
15,0,6,0,0,3,3,4,1
15,0,6,0,0,3,4,4,7
15,0,6,0,0,3,5,4,5
15,0,6,0,0,3,6,4,1
15,0,6,0,0,3,7,4,0
15,0,6,0,0,3,8,4,0
15,0,6,0,0,3,9,4,0
15,0,6,0,1,2,2,4,1
15,0,6,0,1,2,3,4,2
15,0,6,0,1,2,4,4,18
15,0,6,0,1,2,5,4,10
15,0,6,0,1,2,6,4,4
15,0,6,0,1,2,7,4,0
15,0,6,0,1,2,8,4,0
15,0,6,0,1,2,9,4,0
15,0,7,0,0,1,2,4,1
15,0,7,0,0,1,3,4,0
15,0,7,0,0,1,4,4,0
15,0,7,0,0,1,5,4,0
15,0,7,0,0,1,6,4,0
15,0,7,0,0,1,7,4,0
15,0,7,0,0,1,8,4,0
16,0,0,0,0,16,10,4,0
16,0,0,0,0,16,11,4,0
16,0,0,0,0,16,12,4,0
16,0,0,0,0,16,13,4,0
16,0,0,0,0,16,14,4,0
16,0,0,0,0,16,15,4,0
16,0,0,0,0,16,16,4,10
16,0,0,0,0,16,2,4,0
16,0,0,0,0,16,3,4,0
16,0,0,0,0,16,4,4,0
16,0,0,0,0,16,5,4,0
16,0,0,0,0,16,6,4,0
16,0,0,0,0,16,7,4,0
16,0,0,0,0,16,8,4,0
16,0,0,0,0,16,9,4,0
16,0,0,0,1,15,10,4,0
16,0,0,0,1,15,11,4,0
16,0,0,0,1,15,12,4,0
16,0,0,0,1,15,13,4,0
16,0,0,0,1,15,14,4,0
16,0,0,0,1,15,15,4,16
16,0,0,0,1,15,16,4,20
16,0,0,0,1,15,2,4,0
16,0,0,0,1,15,3,4,0
16,0,0,0,1,15,4,4,0
16,0,0,0,1,15,5,4,0
16,0,0,0,1,15,6,4,0
16,0,0,0,1,15,7,4,0
16,0,0,0,1,15,8,4,0
16,0,0,0,1,15,9,4,0
16,0,0,0,2,14,10,4,0
16,0,0,0,2,14,11,4,0
16,0,0,0,2,14,12,4,0
16,0,0,0,2,14,13,4,0
16,0,0,0,2,14,14,4,9
16,0,0,0,2,14,15,4,40
16,0,0,0,2,14,16,4,36
16,0,0,0,2,14,2,4,0
16,0,0,0,2,14,3,4,0
16,0,0,0,2,14,4,4,0
16,0,0,0,2,14,5,4,0
16,0,0,0,2,14,6,4,0
16,0,0,0,2,14,7,4,0
16,0,0,0,2,14,8,4,0
16,0,0,0,2,14,9,4,0
16,0,0,0,3,13,10,4,0
16,0,0,0,3,13,11,4,0
16,0,0,0,3,13,12,4,0
16,0,0,0,3,13,13,4,2
16,0,0,0,3,13,14,4,27
16,0,0,0,3,13,15,4,70
16,0,0,0,3,13,16,4,49
16,0,0,0,3,13,2,4,0
16,0,0,0,3,13,3,4,0
16,0,0,0,3,13,4,4,0
16,0,0,0,3,13,5,4,0
16,0,0,0,3,13,6,4,0
16,0,0,0,3,13,7,4,0
16,0,0,0,3,13,8,4,0
16,0,0,0,3,13,9,4,0
16,0,0,0,4,12,10,4,0
16,0,0,0,4,12,11,4,0
16,0,0,0,4,12,12,4,0
16,0,0,0,4,12,13,4,6
16,0,0,0,4,12,14,4,45
16,0,0,0,4,12,15,4,99
16,0,0,0,4,12,16,4,65
16,0,0,0,4,12,2,4,0
16,0,0,0,4,12,3,4,0
16,0,0,0,4,12,4,4,0
16,0,0,0,4,12,5,4,0
16,0,0,0,4,12,6,4,0
16,0,0,0,4,12,7,4,0
16,0,0,0,4,12,8,4,0
16,0,0,0,4,12,9,4,0
16,0,0,0,5,11,10,4,0
16,0,0,0,5,11,11,4,0
16,0,0,0,5,11,12,4,0
16,0,0,0,5,11,13,4,10
16,0,0,0,5,11,14,4,65
16,0,0,0,5,11,15,4,126
16,0,0,0,5,11,16,4,75
16,0,0,0,5,11,2,4,0
16,0,0,0,5,11,3,4,0
16,0,0,0,5,11,4,4,0
16,0,0,0,5,11,5,4,0
16,0,0,0,5,11,6,4,0
16,0,0,0,5,11,7,4,0
16,0,0,0,5,11,8,4,0
16,0,0,0,5,11,9,4,0
16,0,0,0,6,10,10,4,0
16,0,0,0,6,10,11,4,0
16,0,0,0,6,10,12,4,0
16,0,0,0,6,10,13,4,14
16,0,0,0,6,10,14,4,79
16,0,0,0,6,10,15,4,146
16,0,0,0,6,10,16,4,86
16,0,0,0,6,10,2,4,0
16,0,0,0,6,10,3,4,0
16,0,0,0,6,10,4,4,0
16,0,0,0,6,10,5,4,0
16,0,0,0,6,10,6,4,0
16,0,0,0,6,10,7,4,0
16,0,0,0,6,10,8,4,0
16,0,0,0,6,10,9,4,0
16,0,0,0,7,9,10,4,0
16,0,0,0,7,9,11,4,0
16,0,0,0,7,9,12,4,0
16,0,0,0,7,9,13,4,16
16,0,0,0,7,9,14,4,90
16,0,0,0,7,9,15,4,160
16,0,0,0,7,9,16,4,90
16,0,0,0,7,9,2,4,0
16,0,0,0,7,9,3,4,0
16,0,0,0,7,9,4,4,0
16,0,0,0,7,9,5,4,0
16,0,0,0,7,9,6,4,0
16,0,0,0,7,9,7,4,0
16,0,0,0,7,9,8,4,0
16,0,0,0,7,9,9,4,0
16,0,0,0,8,8,10,4,0
16,0,0,0,8,8,11,4,0
16,0,0,0,8,8,12,4,0
16,0,0,0,8,8,13,4,17
16,0,0,0,8,8,14,4,92
16,0,0,0,8,8,15,4,164
16,0,0,0,8,8,16,4,94
16,0,0,0,8,8,2,4,0
16,0,0,0,8,8,3,4,0
16,0,0,0,8,8,4,4,0
16,0,0,0,8,8,5,4,0
16,0,0,0,8,8,6,4,0
16,0,0,0,8,8,7,4,0
16,0,0,0,8,8,8,4,0
16,0,0,0,8,8,9,4,0
16,0,1,0,0,14,10,4,0
16,0,1,0,0,14,11,4,0
16,0,1,0,0,14,12,4,0
16,0,1,0,0,14,13,4,0
16,0,1,0,0,14,14,4,16
16,0,1,0,0,14,15,4,16
16,0,1,0,0,14,2,4,0
16,0,1,0,0,14,3,4,0
16,0,1,0,0,14,4,4,0
16,0,1,0,0,14,5,4,0
16,0,1,0,0,14,6,4,0
16,0,1,0,0,14,7,4,0
16,0,1,0,0,14,8,4,0
16,0,1,0,0,14,9,4,0
16,0,1,0,1,13,10,4,0
16,0,1,0,1,13,11,4,0
16,0,1,0,1,13,12,4,0
16,0,1,0,1,13,13,4,36
16,0,1,0,1,13,14,4,83
16,0,1,0,1,13,15,4,40
16,0,1,0,1,13,2,4,0
16,0,1,0,1,13,3,4,0
16,0,1,0,1,13,4,4,0
16,0,1,0,1,13,5,4,0
16,0,1,0,1,13,6,4,0
16,0,1,0,1,13,7,4,0
16,0,1,0,1,13,8,4,0
16,0,1,0,1,13,9,4,0
16,0,1,0,2,12,10,4,0
16,0,1,0,2,12,11,4,0
16,0,1,0,2,12,12,4,31
16,0,1,0,2,12,13,4,132
16,0,1,0,2,12,14,4,178
16,0,1,0,2,12,15,4,70
16,0,1,0,2,12,2,4,0
16,0,1,0,2,12,3,4,0
16,0,1,0,2,12,4,4,0
16,0,1,0,2,12,5,4,0
16,0,1,0,2,12,6,4,0
16,0,1,0,2,12,7,4,0
16,0,1,0,2,12,8,4,0
16,0,1,0,2,12,9,4,0
16,0,1,0,3,11,10,4,0
16,0,1,0,3,11,11,4,9
16,0,1,0,3,11,12,4,97
16,0,1,0,3,11,13,4,267
16,0,1,0,3,11,14,4,286
16,0,1,0,3,11,15,4,99
16,0,1,0,3,11,2,4,0
16,0,1,0,3,11,3,4,0
16,0,1,0,3,11,4,4,0
16,0,1,0,3,11,5,4,0
16,0,1,0,3,11,6,4,0
16,0,1,0,3,11,7,4,0
16,0,1,0,3,11,8,4,0
16,0,1,0,3,11,9,4,0
16,0,1,0,4,10,10,4,0
16,0,1,0,4,10,11,4,30
16,0,1,0,4,10,12,4,183
16,0,1,0,4,10,13,4,406
16,0,1,0,4,10,14,4,386
16,0,1,0,4,10,15,4,126
16,0,1,0,4,10,2,4,0
16,0,1,0,4,10,3,4,0
16,0,1,0,4,10,4,4,0
16,0,1,0,4,10,5,4,0
16,0,1,0,4,10,6,4,0
16,0,1,0,4,10,7,4,0
16,0,1,0,4,10,8,4,0
16,0,1,0,4,10,9,4,0
16,0,1,0,5,9,10,4,2
16,0,1,0,5,9,11,4,53
16,0,1,0,5,9,12,4,261
16,0,1,0,5,9,13,4,525
16,0,1,0,5,9,14,4,469
16,0,1,0,5,9,15,4,146
16,0,1,0,5,9,2,4,0
16,0,1,0,5,9,3,4,0
16,0,1,0,5,9,4,4,0
16,0,1,0,5,9,5,4,0
16,0,1,0,5,9,6,4,0
16,0,1,0,5,9,7,4,0
16,0,1,0,5,9,8,4,0
16,0,1,0,5,9,9,4,0
16,0,1,0,6,8,10,4,3
16,0,1,0,6,8,11,4,71
16,0,1,0,6,8,12,4,318
16,0,1,0,6,8,13,4,603
16,0,1,0,6,8,14,4,520
16,0,1,0,6,8,15,4,160
16,0,1,0,6,8,2,4,0
16,0,1,0,6,8,3,4,0
16,0,1,0,6,8,4,4,0
16,0,1,0,6,8,5,4,0
16,0,1,0,6,8,6,4,0
16,0,1,0,6,8,7,4,0
16,0,1,0,6,8,8,4,0
16,0,1,0,6,8,9,4,0
16,0,1,0,7,7,10,4,4
16,0,1,0,7,7,11,4,77
16,0,1,0,7,7,12,4,337
16,0,1,0,7,7,13,4,631
16,0,1,0,7,7,14,4,539
16,0,1,0,7,7,15,4,164
16,0,1,0,7,7,2,4,0
16,0,1,0,7,7,3,4,0
16,0,1,0,7,7,4,4,0
16,0,1,0,7,7,5,4,0
16,0,1,0,7,7,6,4,0
16,0,1,0,7,7,7,4,0
16,0,1,0,7,7,8,4,0
16,0,1,0,7,7,9,4,0
16,0,2,0,0,12,10,4,0
16,0,2,0,0,12,11,4,0
16,0,2,0,0,12,12,4,27
16,0,2,0,0,12,13,4,36
16,0,2,0,0,12,14,4,9
16,0,2,0,0,12,2,4,0
16,0,2,0,0,12,3,4,0
16,0,2,0,0,12,4,4,0
16,0,2,0,0,12,5,4,0
16,0,2,0,0,12,6,4,0
16,0,2,0,0,12,7,4,0
16,0,2,0,0,12,8,4,0
16,0,2,0,0,12,9,4,0
16,0,2,0,1,11,10,4,0
16,0,2,0,1,11,11,4,56
16,0,2,0,1,11,12,4,169
16,0,2,0,1,11,13,4,132
16,0,2,0,1,11,14,4,27
16,0,2,0,1,11,2,4,0
16,0,2,0,1,11,3,4,0
16,0,2,0,1,11,4,4,0
16,0,2,0,1,11,5,4,0
16,0,2,0,1,11,6,4,0
16,0,2,0,1,11,7,4,0
16,0,2,0,1,11,8,4,0
16,0,2,0,1,11,9,4,0
16,0,2,0,2,10,10,4,42
16,0,2,0,2,10,11,4,243
16,0,2,0,2,10,12,4,441
16,0,2,0,2,10,13,4,267
16,0,2,0,2,10,14,4,45
16,0,2,0,2,10,2,4,0
16,0,2,0,2,10,3,4,0
16,0,2,0,2,10,4,4,0
16,0,2,0,2,10,5,4,0
16,0,2,0,2,10,6,4,0
16,0,2,0,2,10,7,4,0
16,0,2,0,2,10,8,4,0
16,0,2,0,2,10,9,4,0
16,0,2,0,3,9,10,4,154
16,0,2,0,3,9,11,4,552
16,0,2,0,3,9,12,4,764
16,0,2,0,3,9,13,4,406
16,0,2,0,3,9,14,4,65
16,0,2,0,3,9,2,4,0
16,0,2,0,3,9,3,4,0
16,0,2,0,3,9,4,4,0
16,0,2,0,3,9,5,4,0
16,0,2,0,3,9,6,4,0
16,0,2,0,3,9,7,4,0
16,0,2,0,3,9,8,4,0
16,0,2,0,3,9,9,4,9
16,0,2,0,4,8,10,4,307
16,0,2,0,4,8,11,4,875
16,0,2,0,4,8,12,4,1067
16,0,2,0,4,8,13,4,525
16,0,2,0,4,8,14,4,79
16,0,2,0,4,8,2,4,0
16,0,2,0,4,8,3,4,0
16,0,2,0,4,8,4,4,0
16,0,2,0,4,8,5,4,0
16,0,2,0,4,8,6,4,0
16,0,2,0,4,8,7,4,0
16,0,2,0,4,8,8,4,0
16,0,2,0,4,8,9,4,34
16,0,2,0,5,7,10,4,438
16,0,2,0,5,7,11,4,1117
16,0,2,0,5,7,12,4,1271
16,0,2,0,5,7,13,4,603
16,0,2,0,5,7,14,4,90
16,0,2,0,5,7,2,4,0
16,0,2,0,5,7,3,4,0
16,0,2,0,5,7,4,4,0
16,0,2,0,5,7,5,4,0
16,0,2,0,5,7,6,4,0
16,0,2,0,5,7,7,4,0
16,0,2,0,5,7,8,4,0
16,0,2,0,5,7,9,4,62
16,0,2,0,6,6,10,4,486
16,0,2,0,6,6,11,4,1202
16,0,2,0,6,6,12,4,1349
16,0,2,0,6,6,13,4,631
16,0,2,0,6,6,14,4,92
16,0,2,0,6,6,2,4,0
16,0,2,0,6,6,3,4,0
16,0,2,0,6,6,4,4,0
16,0,2,0,6,6,5,4,0
16,0,2,0,6,6,6,4,0
16,0,2,0,6,6,7,4,0
16,0,2,0,6,6,8,4,1
16,0,2,0,6,6,9,4,75
16,0,3,0,0,10,10,4,30
16,0,3,0,0,10,11,4,56
16,0,3,0,0,10,12,4,31
16,0,3,0,0,10,13,4,2
16,0,3,0,0,10,2,4,0
16,0,3,0,0,10,3,4,0
16,0,3,0,0,10,4,4,0
16,0,3,0,0,10,5,4,0
16,0,3,0,0,10,6,4,0
16,0,3,0,0,10,7,4,0
16,0,3,0,0,10,8,4,0
16,0,3,0,0,10,9,4,0
16,0,3,0,1,9,10,4,222
16,0,3,0,1,9,11,4,243
16,0,3,0,1,9,12,4,97
16,0,3,0,1,9,13,4,6
16,0,3,0,1,9,2,4,0
16,0,3,0,1,9,3,4,0
16,0,3,0,1,9,4,4,0
16,0,3,0,1,9,5,4,0
16,0,3,0,1,9,6,4,0
16,0,3,0,1,9,7,4,0
16,0,3,0,1,9,8,4,0
16,0,3,0,1,9,9,4,56
16,0,3,0,2,8,10,4,619
16,0,3,0,2,8,11,4,552
16,0,3,0,2,8,12,4,183
16,0,3,0,2,8,13,4,10
16,0,3,0,2,8,2,4,0
16,0,3,0,2,8,3,4,0
16,0,3,0,2,8,4,4,0
16,0,3,0,2,8,5,4,0
16,0,3,0,2,8,6,4,0
16,0,3,0,2,8,7,4,0
16,0,3,0,2,8,8,4,35
16,0,3,0,2,8,9,4,254
16,0,3,0,3,7,10,4,1130
16,0,3,0,3,7,11,4,875
16,0,3,0,3,7,12,4,261
16,0,3,0,3,7,13,4,14
16,0,3,0,3,7,2,4,0
16,0,3,0,3,7,3,4,0
16,0,3,0,3,7,4,4,0
16,0,3,0,3,7,5,4,0
16,0,3,0,3,7,6,4,0
16,0,3,0,3,7,7,4,4
16,0,3,0,3,7,8,4,119
16,0,3,0,3,7,9,4,583
16,0,3,0,4,6,10,4,1541
16,0,3,0,4,6,11,4,1117
16,0,3,0,4,6,12,4,318
16,0,3,0,4,6,13,4,16
16,0,3,0,4,6,2,4,0
16,0,3,0,4,6,3,4,0
16,0,3,0,4,6,4,4,0
16,0,3,0,4,6,5,4,0
16,0,3,0,4,6,6,4,0
16,0,3,0,4,6,7,4,14
16,0,3,0,4,6,8,4,216
16,0,3,0,4,6,9,4,896
16,0,3,0,5,5,10,4,1703
16,0,3,0,5,5,11,4,1202
16,0,3,0,5,5,12,4,337
16,0,3,0,5,5,13,4,17
16,0,3,0,5,5,2,4,0
16,0,3,0,5,5,3,4,0
16,0,3,0,5,5,4,4,0
16,0,3,0,5,5,5,4,0
16,0,3,0,5,5,6,4,0
16,0,3,0,5,5,7,4,18
16,0,3,0,5,5,8,4,259
16,0,3,0,5,5,9,4,1025
16,0,4,0,0,8,10,4,42
16,0,4,0,0,8,11,4,9
16,0,4,0,0,8,12,4,0
16,0,4,0,0,8,2,4,0
16,0,4,0,0,8,3,4,0
16,0,4,0,0,8,4,4,0
16,0,4,0,0,8,5,4,0
16,0,4,0,0,8,6,4,0
16,0,4,0,0,8,7,4,0
16,0,4,0,0,8,8,4,26
16,0,4,0,0,8,9,4,56
16,0,4,0,1,7,10,4,154
16,0,4,0,1,7,11,4,30
16,0,4,0,1,7,12,4,0
16,0,4,0,1,7,2,4,0
16,0,4,0,1,7,3,4,0
16,0,4,0,1,7,4,4,0
16,0,4,0,1,7,5,4,0
16,0,4,0,1,7,6,4,0
16,0,4,0,1,7,7,4,34
16,0,4,0,1,7,8,4,179
16,0,4,0,1,7,9,4,254
16,0,4,0,2,6,10,4,307
16,0,4,0,2,6,11,4,53
16,0,4,0,2,6,12,4,0
16,0,4,0,2,6,2,4,0
16,0,4,0,2,6,3,4,0
16,0,4,0,2,6,4,4,0
16,0,4,0,2,6,5,4,0
16,0,4,0,2,6,6,4,13
16,0,4,0,2,6,7,4,139
16,0,4,0,2,6,8,4,487
16,0,4,0,2,6,9,4,583
16,0,4,0,3,5,10,4,438
16,0,4,0,3,5,11,4,71
16,0,4,0,3,5,12,4,0
16,0,4,0,3,5,2,4,0
16,0,4,0,3,5,3,4,0
16,0,4,0,3,5,4,4,0
16,0,4,0,3,5,5,4,0
16,0,4,0,3,5,6,4,39
16,0,4,0,3,5,7,4,285
16,0,4,0,3,5,8,4,804
16,0,4,0,3,5,9,4,896
16,0,4,0,4,4,10,4,486
16,0,4,0,4,4,11,4,77
16,0,4,0,4,4,12,4,0
16,0,4,0,4,4,2,4,0
16,0,4,0,4,4,3,4,0
16,0,4,0,4,4,4,4,0
16,0,4,0,4,4,5,4,0
16,0,4,0,4,4,6,4,53
16,0,4,0,4,4,7,4,351
16,0,4,0,4,4,8,4,948
16,0,4,0,4,4,9,4,1025
16,0,5,0,0,6,10,4,0
16,0,5,0,0,6,11,4,0
16,0,5,0,0,6,2,4,0
16,0,5,0,0,6,3,4,0
16,0,5,0,0,6,4,4,0
16,0,5,0,0,6,5,4,0
16,0,5,0,0,6,6,4,14
16,0,5,0,0,6,7,4,34
16,0,5,0,0,6,8,4,35
16,0,5,0,0,6,9,4,9
16,0,5,0,1,5,10,4,2
16,0,5,0,1,5,11,4,0
16,0,5,0,1,5,2,4,0
16,0,5,0,1,5,3,4,0
16,0,5,0,1,5,4,4,0
16,0,5,0,1,5,5,4,12
16,0,5,0,1,5,6,4,83
16,0,5,0,1,5,7,4,139
16,0,5,0,1,5,8,4,119
16,0,5,0,1,5,9,4,34
16,0,5,0,2,4,10,4,3
16,0,5,0,2,4,11,4,0
16,0,5,0,2,4,2,4,0
16,0,5,0,2,4,3,4,0
16,0,5,0,2,4,4,4,3
16,0,5,0,2,4,5,4,34
16,0,5,0,2,4,6,4,183
16,0,5,0,2,4,7,4,285
16,0,5,0,2,4,8,4,216
16,0,5,0,2,4,9,4,62
16,0,5,0,3,3,10,4,4
16,0,5,0,3,3,11,4,0
16,0,5,0,3,3,2,4,0
16,0,5,0,3,3,3,4,0
16,0,5,0,3,3,4,4,6
16,0,5,0,3,3,5,4,45
16,0,5,0,3,3,6,4,235
16,0,5,0,3,3,7,4,351
16,0,5,0,3,3,8,4,259
16,0,5,0,3,3,9,4,75
16,0,6,0,0,4,10,4,0
16,0,6,0,0,4,2,4,0
16,0,6,0,0,4,3,4,0
16,0,6,0,0,4,4,4,5
16,0,6,0,0,4,5,4,12
16,0,6,0,0,4,6,4,13
16,0,6,0,0,4,7,4,4
16,0,6,0,0,4,8,4,0
16,0,6,0,0,4,9,4,0
16,0,6,0,1,3,10,4,0
16,0,6,0,1,3,2,4,0
16,0,6,0,1,3,3,4,1
16,0,6,0,1,3,4,4,21
16,0,6,0,1,3,5,4,34
16,0,6,0,1,3,6,4,39
16,0,6,0,1,3,7,4,14
16,0,6,0,1,3,8,4,0
16,0,6,0,1,3,9,4,0
16,0,6,0,2,2,10,4,0
16,0,6,0,2,2,2,4,0
16,0,6,0,2,2,3,4,1
16,0,6,0,2,2,4,4,34
16,0,6,0,2,2,5,4,45
16,0,6,0,2,2,6,4,53
16,0,6,0,2,2,7,4,18
16,0,6,0,2,2,8,4,1
16,0,6,0,2,2,9,4,0
16,0,7,0,0,2,2,4,1
16,0,7,0,0,2,3,4,1
16,0,7,0,0,2,4,4,3
16,0,7,0,0,2,5,4,0
16,0,7,0,0,2,6,4,0
16,0,7,0,0,2,7,4,0
16,0,7,0,0,2,8,4,0
16,0,7,0,0,2,9,4,0
16,0,7,0,1,1,2,4,2
16,0,7,0,1,1,3,4,1
16,0,7,0,1,1,4,4,6
16,0,7,0,1,1,5,4,0
16,0,7,0,1,1,6,4,0
16,0,7,0,1,1,7,4,0
16,0,7,0,1,1,8,4,0
16,0,7,0,1,1,9,4,0
16,0,8,0,0,0,2,4,0
16,0,8,0,0,0,3,4,0
16,0,8,0,0,0,4,4,0
16,0,8,0,0,0,5,4,0
16,0,8,0,0,0,6,4,0
16,0,8,0,0,0,7,4,0
16,0,8,0,0,0,8,4,0
2,0,0,0,0,2,2,4,1
2,0,0,0,1,1,2,4,1
3,0,0,0,0,3,2,4,0
3,0,0,0,0,3,3,4,1
3,0,0,0,1,2,2,4,1
3,0,0,0,1,2,3,4,1
3,0,1,0,0,1,2,4,1
4,0,0,0,0,4,2,4,0
4,0,0,0,0,4,3,4,0
4,0,0,0,0,4,4,4,2
4,0,0,0,1,3,2,4,0
4,0,0,0,1,3,3,4,1
4,0,0,0,1,3,4,4,2
4,0,0,0,2,2,2,4,0
4,0,0,0,2,2,3,4,1
4,0,0,0,2,2,4,4,3
4,0,1,0,0,2,2,4,1
4,0,1,0,0,2,3,4,1
4,0,1,0,1,1,2,4,2
4,0,1,0,1,1,3,4,1
4,0,2,0,0,0,2,4,0
5,0,0,0,0,5,2,4,0
5,0,0,0,0,5,3,4,0
5,0,0,0,0,5,4,4,0
5,0,0,0,0,5,5,4,1
5,0,0,0,1,4,2,4,0
5,0,0,0,1,4,3,4,0
5,0,0,0,1,4,4,4,2
5,0,0,0,1,4,5,4,2
5,0,0,0,2,3,2,4,0
5,0,0,0,2,3,3,4,0
5,0,0,0,2,3,4,4,3
5,0,0,0,2,3,5,4,3
5,0,1,0,0,3,2,4,0
5,0,1,0,0,3,3,4,1
5,0,1,0,0,3,4,4,2
5,0,1,0,1,2,2,4,1
5,0,1,0,1,2,3,4,2
5,0,1,0,1,2,4,4,3
5,0,2,0,0,1,2,4,1
5,0,2,0,0,1,3,4,0
6,0,0,0,0,6,2,4,0
6,0,0,0,0,6,3,4,0
6,0,0,0,0,6,4,4,0
6,0,0,0,0,6,5,4,0
6,0,0,0,0,6,6,4,3
6,0,0,0,1,5,2,4,0
6,0,0,0,1,5,3,4,0
6,0,0,0,1,5,4,4,0
6,0,0,0,1,5,5,4,2
6,0,0,0,1,5,6,4,4
6,0,0,0,2,4,2,4,0
6,0,0,0,2,4,3,4,0
6,0,0,0,2,4,4,4,0
6,0,0,0,2,4,5,4,4
6,0,0,0,2,4,6,4,6
6,0,0,0,3,3,2,4,0
6,0,0,0,3,3,3,4,0
6,0,0,0,3,3,4,4,1
6,0,0,0,3,3,5,4,5
6,0,0,0,3,3,6,4,6
6,0,1,0,0,4,2,4,0
6,0,1,0,0,4,3,4,0
6,0,1,0,0,4,4,4,2
6,0,1,0,0,4,5,4,2
6,0,1,0,1,3,2,4,0
6,0,1,0,1,3,3,4,1
6,0,1,0,1,3,4,4,6
6,0,1,0,1,3,5,4,4
6,0,1,0,2,2,2,4,0
6,0,1,0,2,2,3,4,1
6,0,1,0,2,2,4,4,8
6,0,1,0,2,2,5,4,5
6,0,2,0,0,2,2,4,1
6,0,2,0,0,2,3,4,1
6,0,2,0,0,2,4,4,0
6,0,2,0,1,1,2,4,2
6,0,2,0,1,1,3,4,1
6,0,2,0,1,1,4,4,1
6,0,3,0,0,0,2,4,0
6,0,3,0,0,0,3,4,0
7,0,0,0,0,7,2,4,0
7,0,0,0,0,7,3,4,0
7,0,0,0,0,7,4,4,0
7,0,0,0,0,7,5,4,0
7,0,0,0,0,7,6,4,0
7,0,0,0,0,7,7,4,2
7,0,0,0,1,6,2,4,0
7,0,0,0,1,6,3,4,0
7,0,0,0,1,6,4,4,0
7,0,0,0,1,6,5,4,0
7,0,0,0,1,6,6,4,4
7,0,0,0,1,6,7,4,4
7,0,0,0,2,5,2,4,0
7,0,0,0,2,5,3,4,0
7,0,0,0,2,5,4,4,0
7,0,0,0,2,5,5,4,1
7,0,0,0,2,5,6,4,7
7,0,0,0,2,5,7,4,6
7,0,0,0,3,4,2,4,0
7,0,0,0,3,4,3,4,0
7,0,0,0,3,4,4,4,0
7,0,0,0,3,4,5,4,2
7,0,0,0,3,4,6,4,9
7,0,0,0,3,4,7,4,7
7,0,1,0,0,5,2,4,0
7,0,1,0,0,5,3,4,0
7,0,1,0,0,5,4,4,0
7,0,1,0,0,5,5,4,2
7,0,1,0,0,5,6,4,4
7,0,1,0,1,4,2,4,0
7,0,1,0,1,4,3,4,0
7,0,1,0,1,4,4,4,3
7,0,1,0,1,4,5,4,8
7,0,1,0,1,4,6,4,7
7,0,1,0,2,3,2,4,0
7,0,1,0,2,3,3,4,0
7,0,1,0,2,3,4,4,6
7,0,1,0,2,3,5,4,13
7,0,1,0,2,3,6,4,9
7,0,2,0,0,3,2,4,0
7,0,2,0,0,3,3,4,1
7,0,2,0,0,3,4,4,3
7,0,2,0,0,3,5,4,1
7,0,2,0,1,2,2,4,1
7,0,2,0,1,2,3,4,2
7,0,2,0,1,2,4,4,6
7,0,2,0,1,2,5,4,2
7,0,3,0,0,1,2,4,1
7,0,3,0,0,1,3,4,0
7,0,3,0,0,1,4,4,0
8,0,0,0,0,8,2,4,0
8,0,0,0,0,8,3,4,0
8,0,0,0,0,8,4,4,0
8,0,0,0,0,8,5,4,0
8,0,0,0,0,8,6,4,0
8,0,0,0,0,8,7,4,0
8,0,0,0,0,8,8,4,4
8,0,0,0,1,7,2,4,0
8,0,0,0,1,7,3,4,0
8,0,0,0,1,7,4,4,0
8,0,0,0,1,7,5,4,0
8,0,0,0,1,7,6,4,0
8,0,0,0,1,7,7,4,4
8,0,0,0,1,7,8,4,6
8,0,0,0,2,6,2,4,0
8,0,0,0,2,6,3,4,0
8,0,0,0,2,6,4,4,0
8,0,0,0,2,6,5,4,0
8,0,0,0,2,6,6,4,1
8,0,0,0,2,6,7,4,8
8,0,0,0,2,6,8,4,10
8,0,0,0,3,5,2,4,0
8,0,0,0,3,5,3,4,0
8,0,0,0,3,5,4,4,0
8,0,0,0,3,5,5,4,0
8,0,0,0,3,5,6,4,3
8,0,0,0,3,5,7,4,12
8,0,0,0,3,5,8,4,11
8,0,0,0,4,4,2,4,0
8,0,0,0,4,4,3,4,0
8,0,0,0,4,4,4,4,0
8,0,0,0,4,4,5,4,0
8,0,0,0,4,4,6,4,3
8,0,0,0,4,4,7,4,13
8,0,0,0,4,4,8,4,13
8,0,1,0,0,6,2,4,0
8,0,1,0,0,6,3,4,0
8,0,1,0,0,6,4,4,0
8,0,1,0,0,6,5,4,0
8,0,1,0,0,6,6,4,4
8,0,1,0,0,6,7,4,4
8,0,1,0,1,5,2,4,0
8,0,1,0,1,5,3,4,0
8,0,1,0,1,5,4,4,0
8,0,1,0,1,5,5,4,4
8,0,1,0,1,5,6,4,15
8,0,1,0,1,5,7,4,8
8,0,1,0,2,4,2,4,0
8,0,1,0,2,4,3,4,0
8,0,1,0,2,4,4,4,1
8,0,1,0,2,4,5,4,10
8,0,1,0,2,4,6,4,24
8,0,1,0,2,4,7,4,12
8,0,1,0,3,3,2,4,0
8,0,1,0,3,3,3,4,0
8,0,1,0,3,3,4,4,2
8,0,1,0,3,3,5,4,13
8,0,1,0,3,3,6,4,28
8,0,1,0,3,3,7,4,13
8,0,2,0,0,4,2,4,0
8,0,2,0,0,4,3,4,0
8,0,2,0,0,4,4,4,3
8,0,2,0,0,4,5,4,4
8,0,2,0,0,4,6,4,1
8,0,2,0,1,3,2,4,0
8,0,2,0,1,3,3,4,1
8,0,2,0,1,3,4,4,9
8,0,2,0,1,3,5,4,10
8,0,2,0,1,3,6,4,3
8,0,2,0,2,2,2,4,0
8,0,2,0,2,2,3,4,1
8,0,2,0,2,2,4,4,14
8,0,2,0,2,2,5,4,13
8,0,2,0,2,2,6,4,3
8,0,3,0,0,2,2,4,1
8,0,3,0,0,2,3,4,1
8,0,3,0,0,2,4,4,1
8,0,3,0,0,2,5,4,0
8,0,3,0,1,1,2,4,2
8,0,3,0,1,1,3,4,1
8,0,3,0,1,1,4,4,2
8,0,3,0,1,1,5,4,0
8,0,4,0,0,0,2,4,0
8,0,4,0,0,0,3,4,0
8,0,4,0,0,0,4,4,0
9,0,0,0,0,9,2,4,0
9,0,0,0,0,9,3,4,0
9,0,0,0,0,9,4,4,0
9,0,0,0,0,9,5,4,0
9,0,0,0,0,9,6,4,0
9,0,0,0,0,9,7,4,0
9,0,0,0,0,9,8,4,0
9,0,0,0,0,9,9,4,3
9,0,0,0,1,8,2,4,0
9,0,0,0,1,8,3,4,0
9,0,0,0,1,8,4,4,0
9,0,0,0,1,8,5,4,0
9,0,0,0,1,8,6,4,0
9,0,0,0,1,8,7,4,0
9,0,0,0,1,8,8,4,6
9,0,0,0,1,8,9,4,6
9,0,0,0,2,7,2,4,0
9,0,0,0,2,7,3,4,0
9,0,0,0,2,7,4,4,0
9,0,0,0,2,7,5,4,0
9,0,0,0,2,7,6,4,0
9,0,0,0,2,7,7,4,2
9,0,0,0,2,7,8,4,12
9,0,0,0,2,7,9,4,10
9,0,0,0,3,6,2,4,0
9,0,0,0,3,6,3,4,0
9,0,0,0,3,6,4,4,0
9,0,0,0,3,6,5,4,0
9,0,0,0,3,6,6,4,0
9,0,0,0,3,6,7,4,5
9,0,0,0,3,6,8,4,18
9,0,0,0,3,6,9,4,13
9,0,0,0,4,5,2,4,0
9,0,0,0,4,5,3,4,0
9,0,0,0,4,5,4,4,0
9,0,0,0,4,5,5,4,0
9,0,0,0,4,5,6,4,0
9,0,0,0,4,5,7,4,7
9,0,0,0,4,5,8,4,21
9,0,0,0,4,5,9,4,14
9,0,1,0,0,7,2,4,0
9,0,1,0,0,7,3,4,0
9,0,1,0,0,7,4,4,0
9,0,1,0,0,7,5,4,0
9,0,1,0,0,7,6,4,0
9,0,1,0,0,7,7,4,4
9,0,1,0,0,7,8,4,6
9,0,1,0,1,6,2,4,0
9,0,1,0,1,6,3,4,0
9,0,1,0,1,6,4,4,0
9,0,1,0,1,6,5,4,0
9,0,1,0,1,6,6,4,8
9,0,1,0,1,6,7,4,17
9,0,1,0,1,6,8,4,12
9,0,1,0,2,5,2,4,0
9,0,1,0,2,5,3,4,0
9,0,1,0,2,5,4,4,0
9,0,1,0,2,5,5,4,2
9,0,1,0,2,5,6,4,19
9,0,1,0,2,5,7,4,32
9,0,1,0,2,5,8,4,18
9,0,1,0,3,4,2,4,0
9,0,1,0,3,4,3,4,0
9,0,1,0,3,4,4,4,0
9,0,1,0,3,4,5,4,4
9,0,1,0,3,4,6,4,28
9,0,1,0,3,4,7,4,42
9,0,1,0,3,4,8,4,21
9,0,2,0,0,5,2,4,0
9,0,2,0,0,5,3,4,0
9,0,2,0,0,5,4,4,0
9,0,2,0,0,5,5,4,3
9,0,2,0,0,5,6,4,8
9,0,2,0,0,5,7,4,2
9,0,2,0,1,4,2,4,0
9,0,2,0,1,4,3,4,0
9,0,2,0,1,4,4,4,4
9,0,2,0,1,4,5,4,14
9,0,2,0,1,4,6,4,19
9,0,2,0,1,4,7,4,5
9,0,2,0,2,3,2,4,0
9,0,2,0,2,3,3,4,0
9,0,2,0,2,3,4,4,9
9,0,2,0,2,3,5,4,24
9,0,2,0,2,3,6,4,28
9,0,2,0,2,3,7,4,7
9,0,3,0,0,3,2,4,0
9,0,3,0,0,3,3,4,1
9,0,3,0,0,3,4,4,4
9,0,3,0,0,3,5,4,2
9,0,3,0,0,3,6,4,0
9,0,3,0,1,2,2,4,1
9,0,3,0,1,2,3,4,2
9,0,3,0,1,2,4,4,9
9,0,3,0,1,2,5,4,4
9,0,3,0,1,2,6,4,0
9,0,4,0,0,1,2,4,1
9,0,4,0,0,1,3,4,0
9,0,4,0,0,1,4,4,0
9,0,4,0,0,1,5,4,0
